Grades,Gender,Subject,Class,Exam term,Student_id,First name,Last name,Email,Age,Attendance,Midterm exam,Final term exam,Total score,Family income
B+,Female,Geography,10-B,Final,1001,Brenda,Buck,watsongregory@middleton-hawkins.com,15,94%,33,20,53,"₹40,000"
B+,Female,Geography,10-B,Final,1002,Marcus,Hall,aguirrekari@rogers-kelly.com,17,90%,34,38,72,"₹80,000"
B+,Male,Science,10-B,Final,1003,Morgan,Chen,lfischer@gmail.com,16,85%,26,28,54,"₹30,000"
A,Male,Geography,10-B,Midterm,1004,Jerry,Wood,christopher04@francis-miller.com,16,95%,49,22,71,"₹70,000"
C,Female,History,10-A,Final,1005,Stefanie,Rodriguez,bernardtyler@garcia.biz,16,82%,28,41,69,"₹70,000"
B,Female,English,10-A,Final,1006,Lori,Friedman,margaret46@yahoo.com,16,85%,20,31,51,"₹70,000"
B+,Male,Science,10-B,Midterm,1007,Emily,Simpson,haydenglover@yahoo.com,15,86%,32,25,57,"₹40,000"
B+,Male,History,10-B,Midterm,1008,Kevin,Murphy,edwin81@yahoo.com,18,96%,32,32,64,"₹70,000"
A,Female,English,10-B,Midterm,1009,Melissa,Walls,raymond67@hotmail.com,13,97%,34,43,77,"₹80,000"
B+,Female,Math,10-C,Midterm,1010,Gordon,Shields,randall15@thompson.com,13,81%,46,49,95,"₹40,000"
B,Female,Geography,10-B,Midterm,1011,Stephanie,Gonzalez,mayercarol@gmail.com,14,86%,40,42,82,"₹80,000"
C,Female,Geography,10-B,Midterm,1012,Jason,Martinez,tiffanyruiz@yahoo.com,18,75%,29,45,74,"₹60,000"
C,Male,Science,10-A,Midterm,1013,Marc,Burgess,vgardner@hotmail.com,16,89%,21,39,60,"₹20,000"
A,Female,Math,10-A,Final,1014,Joshua,Johnson,anna29@hotmail.com,15,83%,46,35,81,"₹60,000"
C+,Male,Math,10-B,Midterm,1015,Paula,Cherry,teresa61@hotmail.com,13,75%,33,27,60,"₹70,000"
A,Female,Science,10-C,Midterm,1016,Joshua,Abbott,phillipslisa@gmail.com,17,84%,47,47,94,"₹40,000"
C+,Female,Math,10-C,Final,1017,Kyle,Grant,shirley93@gmail.com,13,99%,46,28,74,"₹50,000"
B,Male,Science,10-B,Midterm,1018,Chelsea,Brooks,cnelson@roy.com,13,90%,27,48,75,"₹40,000"
C,Male,Geography,10-B,Final,1019,David,Taylor,jennifermathews@taylor.com,17,91%,33,44,77,"₹80,000"
C,Female,Math,10-C,Final,1020,Cassandra,King,gaineskatrina@yahoo.com,16,80%,20,38,58,"₹80,000"
A-,Female,History,10-C,Midterm,1021,Hannah,Gill,lauren49@yahoo.com,18,85%,30,34,64,"₹50,000"
B,Female,Science,10-C,Midterm,1022,Robert,Mccullough,hlee@gmail.com,13,81%,31,42,73,"₹80,000"
B,Female,English,10-C,Midterm,1023,Samantha,Chen,thomasdarrell@kelly.com,18,90%,20,24,44,"₹20,000"
A,Female,History,10-C,Midterm,1024,Daniel,Smith,jacksonjoshua@gmail.com,14,96%,31,50,81,"₹30,000"
B,Female,Math,10-B,Midterm,1025,Adam,Carlson,solomonmelissa@arellano.info,15,76%,31,48,79,"₹40,000"
C+,Female,English,10-A,Midterm,1026,Wayne,Cruz,bsnyder@hotmail.com,18,88%,27,36,63,"₹30,000"
A-,Female,Math,10-A,Midterm,1027,Danielle,Nixon,phillipmartinez@arnold.com,18,83%,32,25,57,"₹40,000"
C,Female,Math,10-B,Final,1028,Gloria,Howell,cdickerson@mccullough-gregory.net,16,81%,32,42,74,"₹70,000"
C+,Female,History,10-C,Final,1029,Charles,Conley,ashleycook@rojas-zuniga.com,17,75%,46,34,80,"₹80,000"
C,Male,Math,10-A,Midterm,1030,Rachel,Green,wbeck@gmail.com,14,75%,45,24,69,"₹30,000"
C+,Male,Math,10-C,Midterm,1031,Bradley,Duncan,coltonbenson@owens.com,14,91%,24,29,53,"₹80,000"
C,Male,Geography,10-C,Final,1032,Kristen,Rose,angela93@martin-warren.org,18,90%,36,47,83,"₹30,000"
A,Male,Geography,10-C,Midterm,1033,Mark,Austin,tpierce@gmail.com,14,77%,46,40,86,"₹60,000"
A,Male,History,10-C,Final,1034,Belinda,Evans,rebeccahubbard@martinez.com,13,87%,34,26,60,"₹20,000"
A-,Female,Geography,10-B,Midterm,1035,Carolyn,Booth,bwatson@phillips.com,18,97%,45,37,82,"₹30,000"
A-,Male,History,10-B,Midterm,1036,John,Martinez,elevine@vega.com,18,93%,31,50,81,"₹30,000"
C+,Female,Geography,10-A,Midterm,1037,Timothy,Morris,phillipsrobert@yahoo.com,18,90%,47,35,82,"₹50,000"
B,Male,Science,10-C,Final,1038,Amber,Serrano,seangarrison@gray-roberts.com,13,94%,49,49,98,"₹60,000"
B+,Male,Geography,10-A,Midterm,1039,Kevin,Johnson,rodriguezsusan@gmail.com,18,92%,30,22,52,"₹50,000"
B,Female,Math,10-A,Midterm,1040,Robert,Smith,michael38@foster-bowman.org,17,88%,35,34,69,"₹20,000"
A,Male,Science,10-A,Final,1041,Brittany,Mathis,franciscogreer@gmail.com,15,85%,48,22,70,"₹40,000"
C,Female,English,10-A,Final,1042,Tyler,Nicholson,phillipsrichard@martin.net,15,85%,22,47,69,"₹40,000"
A,Female,Science,10-A,Midterm,1043,Courtney,Carroll,alan61@hotmail.com,13,81%,25,36,61,"₹30,000"
B,Female,History,10-A,Final,1044,Kevin,Gutierrez,tkirby@gmail.com,15,91%,44,46,90,"₹80,000"
B+,Male,Science,10-A,Midterm,1045,Kimberly,Jones,elizabethrodriguez@yahoo.com,14,92%,37,39,76,"₹50,000"
B+,Female,Math,10-A,Midterm,1046,Tina,Smith,cconner@jenkins.com,16,80%,34,41,75,"₹50,000"
A-,Male,History,10-B,Final,1047,William,Dawson,ypeterson@yahoo.com,15,92%,31,25,56,"₹20,000"
C,Female,Science,10-A,Midterm,1048,Gregory,Cooper,kari10@yahoo.com,15,75%,49,35,84,"₹40,000"
C,Female,Math,10-C,Final,1049,Jessica,Montgomery,zhangjustin@charles-park.net,16,79%,20,45,65,"₹60,000"
C+,Male,Math,10-B,Midterm,1050,Jeffery,Lee,haynesashley@gmail.com,15,96%,24,49,73,"₹70,000"
A,Male,Science,10-A,Midterm,1051,Heather,Cochran,rickyharris@gmail.com,15,95%,48,36,84,"₹20,000"
B+,Male,Science,10-A,Midterm,1052,Charles,Castro,benjaminacosta@yahoo.com,17,86%,26,47,73,"₹80,000"
C,Female,Geography,10-C,Midterm,1053,Jacqueline,Lamb,jacksonrita@gmail.com,17,88%,42,33,75,"₹20,000"
A,Female,Geography,10-A,Final,1054,Brooke,Jefferson,meghan38@ramirez.com,17,93%,21,43,64,"₹30,000"
C,Female,History,10-A,Midterm,1055,Nathan,Nguyen,ashley27@hotmail.com,15,88%,36,36,72,"₹50,000"
C,Female,Science,10-A,Midterm,1056,Danny,Peters,melissa09@yahoo.com,13,83%,36,30,66,"₹40,000"
C,Male,English,10-C,Final,1057,Noah,Perry,jthompson@howard-stewart.net,13,75%,20,46,66,"₹40,000"
C,Female,Math,10-B,Midterm,1058,Katrina,Hart,ywebb@yahoo.com,14,98%,33,40,73,"₹20,000"
B,Male,Geography,10-C,Midterm,1059,Ernest,Moore,diane26@stone.com,15,91%,45,49,94,"₹70,000"
C+,Female,Science,10-C,Final,1060,Jacob,Spencer,cjones@smith.com,18,87%,36,40,76,"₹40,000"
A-,Male,English,10-B,Final,1061,Susan,Adkins,troy51@collins-vasquez.biz,18,97%,32,43,75,"₹50,000"
A,Female,Math,10-A,Midterm,1062,James,Spencer,jjohnson@gmail.com,13,88%,23,49,72,"₹60,000"
B+,Female,Geography,10-C,Final,1063,Amanda,Berger,richdawn@johnson.info,15,97%,20,22,42,"₹30,000"
C,Male,Geography,10-A,Midterm,1064,Brianna,Johnson,jessicajones@hotmail.com,14,98%,38,27,65,"₹50,000"
B,Male,English,10-C,Midterm,1065,Lauren,Booth,lindsay40@yahoo.com,18,87%,33,27,60,"₹40,000"
C+,Female,English,10-B,Midterm,1066,Michele,Thomas,bergerjennifer@hotmail.com,16,83%,31,25,56,"₹80,000"
C+,Female,English,10-C,Final,1067,Stacy,Jones,fwilliams@donovan-harper.biz,13,89%,36,25,61,"₹60,000"
C,Male,English,10-A,Final,1068,Christopher,Perry,christopher94@gmail.com,13,75%,43,29,72,"₹80,000"
B,Female,Math,10-B,Final,1069,Ryan,Morgan,vazquezmichael@williams.com,14,75%,22,37,59,"₹70,000"
C+,Male,Science,10-B,Midterm,1070,Heather,Dodson,richard41@hicks.com,18,86%,42,49,91,"₹40,000"
A,Female,Math,10-A,Midterm,1071,Steven,Villanueva,cobbpatrick@hotmail.com,18,76%,21,46,67,"₹40,000"
A,Male,English,10-C,Final,1072,Tim,Johnson,greenelisa@collins.com,13,78%,38,38,76,"₹40,000"
C+,Female,Geography,10-C,Midterm,1073,Brandon,Garcia,reedstacy@hotmail.com,17,76%,20,44,64,"₹40,000"
A,Female,Geography,10-B,Midterm,1074,Jeffrey,Matthews,crystalsmith@house-morse.biz,18,84%,31,28,59,"₹30,000"
B,Female,Math,10-A,Final,1075,Edward,Craig,john69@gmail.com,17,86%,38,38,76,"₹70,000"
A,Male,Geography,10-C,Midterm,1076,Anthony,Schwartz,hayesalex@gmail.com,18,93%,27,31,58,"₹60,000"
B+,Male,Science,10-A,Final,1077,Amber,Anderson,jennasmith@gmail.com,18,85%,43,41,84,"₹80,000"
B,Male,History,10-A,Final,1078,Raymond,Ruiz,davidgoodwin@barton.info,18,77%,47,24,71,"₹40,000"
C,Female,Geography,10-C,Final,1079,Jason,Walters,debrajackson@johnson.net,17,82%,22,20,42,"₹40,000"
C+,Male,Science,10-B,Final,1080,Mark,Gibson,nicholsjasmine@gmail.com,17,100%,37,31,68,"₹70,000"
B,Female,History,10-B,Final,1081,Leah,Woods,pjackson@carson.com,13,93%,34,46,80,"₹50,000"
A-,Female,Geography,10-B,Final,1082,Jeffrey,Patel,ronald14@taylor.com,13,100%,26,40,66,"₹70,000"
A-,Female,Geography,10-A,Final,1083,Matthew,Mcguire,bradshawtanya@johnston.com,17,99%,45,50,95,"₹30,000"
C,Male,Science,10-A,Final,1084,Teresa,Singh,cartermichael@clark.com,13,96%,48,27,75,"₹80,000"
A,Male,Math,10-C,Final,1085,Eric,Ross,amanda81@walton.com,14,96%,48,36,84,"₹20,000"
A,Male,Science,10-B,Final,1086,Alejandro,Mendoza,nosborn@hotmail.com,17,89%,30,21,51,"₹80,000"
C,Male,Geography,10-B,Final,1087,Anthony,Walker,daguirre@flynn-fleming.com,13,97%,34,36,70,"₹80,000"
B+,Female,English,10-A,Final,1088,Karen,Wood,eric02@gmail.com,18,81%,44,43,87,"₹20,000"
B+,Female,Geography,10-B,Final,1089,Tiffany,Holmes,steven02@hotmail.com,13,99%,39,34,73,"₹30,000"
C+,Female,English,10-A,Midterm,1090,Sonya,Hess,robertmelendez@hotmail.com,14,76%,21,42,63,"₹40,000"
A-,Male,English,10-B,Final,1091,Melanie,Cox,colinreynolds@payne.net,14,83%,20,36,56,"₹40,000"
A-,Female,English,10-B,Midterm,1092,Wendy,Solis,erin14@gmail.com,16,86%,37,26,63,"₹20,000"
A-,Female,Geography,10-C,Midterm,1093,Nicole,Stephenson,maryingram@ramirez.com,15,92%,31,50,81,"₹40,000"
C,Female,Science,10-B,Midterm,1094,Samantha,Moore,barry10@hotmail.com,15,79%,24,25,49,"₹40,000"
A-,Female,English,10-C,Midterm,1095,Andrew,Richards,emathis@scott.net,15,86%,44,43,87,"₹60,000"
B,Female,Math,10-C,Final,1096,Robin,Stephens,obarry@yahoo.com,18,80%,28,43,71,"₹50,000"
A,Male,History,10-B,Final,1097,Jeffrey,Gray,mrice@mccarthy.com,18,81%,20,20,40,"₹30,000"
A-,Female,History,10-B,Midterm,1098,Samuel,Martin,owilliams@brooks.com,15,77%,49,31,80,"₹50,000"
A,Male,Geography,10-C,Final,1099,Debbie,Navarro,jessechristensen@scott-taylor.info,14,96%,30,36,66,"₹50,000"
A-,Female,Math,10-A,Final,1100,Heather,Green,jacquelinegrant@hotmail.com,16,80%,50,46,96,"₹30,000"
C+,Male,Science,10-A,Final,1101,Joseph,Wheeler,matthewbutler@marshall.com,18,88%,49,30,79,"₹50,000"
C+,Male,Math,10-B,Midterm,1102,Bryan,Brennan,brittanypayne@simmons.com,13,89%,25,42,67,"₹20,000"
A,Female,Science,10-C,Final,1103,Charles,Salazar,okeller@case-adams.com,13,92%,49,43,92,"₹70,000"
B+,Female,Science,10-B,Midterm,1104,Amanda,Robinson,erinsandoval@andrews.net,13,95%,45,30,75,"₹50,000"
A-,Male,Math,10-B,Final,1105,Christopher,Nelson,timothy53@yahoo.com,17,78%,24,45,69,"₹40,000"
B,Female,Math,10-C,Final,1106,Joshua,Arias,rosslauren@yahoo.com,13,92%,44,47,91,"₹20,000"
A-,Male,English,10-C,Final,1107,Paul,Munoz,wolfalexandra@gmail.com,13,83%,24,27,51,"₹30,000"
B,Female,Math,10-A,Final,1108,Jason,Estrada,cynthia77@hotmail.com,14,85%,37,23,60,"₹80,000"
B,Female,History,10-A,Final,1109,Dustin,Hendrix,vkaiser@hotmail.com,16,78%,21,40,61,"₹60,000"
B+,Male,Geography,10-A,Midterm,1110,Sarah,Copeland,freyallison@yahoo.com,13,94%,47,29,76,"₹60,000"
C+,Female,Science,10-B,Final,1111,Andrea,Morgan,khawkins@hotmail.com,13,87%,41,36,77,"₹40,000"
A,Female,Geography,10-A,Midterm,1112,Lisa,Mclean,dfleming@anderson.com,15,98%,25,44,69,"₹20,000"
A-,Male,English,10-B,Final,1113,Deanna,Pineda,janet11@johnson-robertson.com,16,80%,30,43,73,"₹40,000"
A,Male,Math,10-B,Final,1114,Eric,Webb,melissagarcia@yahoo.com,16,99%,45,49,94,"₹40,000"
A-,Male,History,10-C,Midterm,1115,Andrew,Rowland,jeffrey52@summers.com,15,100%,40,23,63,"₹20,000"
A-,Male,History,10-B,Midterm,1116,Leroy,Whitaker,rwang@zuniga-taylor.org,18,92%,22,38,60,"₹30,000"
B,Male,Science,10-C,Midterm,1117,Lauren,Nielsen,ortegachristina@wolfe.com,13,91%,21,39,60,"₹30,000"
C,Male,English,10-B,Final,1118,Todd,Williams,davistina@hernandez-james.com,15,90%,30,49,79,"₹20,000"
C,Male,English,10-A,Midterm,1119,Bethany,Jackson,woodsjacob@hotmail.com,13,85%,38,31,69,"₹40,000"
A,Female,Math,10-B,Final,1120,Kathy,Campos,qthompson@gmail.com,18,85%,21,34,55,"₹40,000"
C,Male,Science,10-C,Midterm,1121,Melissa,Evans,kayla26@hotmail.com,17,77%,21,33,54,"₹20,000"
C,Female,Geography,10-B,Final,1122,Bryan,Brown,weissmatthew@yahoo.com,17,82%,31,47,78,"₹60,000"
C+,Female,Geography,10-C,Midterm,1123,Sarah,Sharp,thompsonsamuel@patton.info,14,93%,28,46,74,"₹20,000"
A-,Male,Geography,10-B,Midterm,1124,Ryan,Patterson,brian53@cook.com,17,100%,39,36,75,"₹50,000"
C+,Male,English,10-B,Midterm,1125,Derrick,Lewis,johnsonkaren@yahoo.com,14,94%,36,27,63,"₹80,000"
B+,Female,Science,10-C,Midterm,1126,Michael,Best,oscott@carter-blackburn.com,16,85%,42,26,68,"₹80,000"
C,Female,Geography,10-C,Final,1127,Katherine,Williams,victoria26@taylor.com,13,76%,27,34,61,"₹40,000"
B,Male,Geography,10-B,Final,1128,Paula,Williams,kennethchandler@gmail.com,15,79%,20,20,40,"₹80,000"
A,Male,English,10-C,Midterm,1129,Daniel,Andrade,fitzgeralddesiree@velasquez.com,18,100%,22,48,70,"₹20,000"
A-,Female,History,10-C,Midterm,1130,James,Shaw,rbrown@hoffman.com,13,90%,36,26,62,"₹30,000"
A-,Male,Math,10-B,Midterm,1131,Stephen,Lopez,kbrown@casey-scott.com,14,94%,47,23,70,"₹30,000"
A-,Male,English,10-B,Midterm,1132,Cody,Mills,martinezamy@kline-reyes.com,17,78%,49,47,96,"₹40,000"
C+,Female,English,10-B,Midterm,1133,Joseph,Gardner,duarteadrienne@yahoo.com,14,95%,35,48,83,"₹80,000"
C+,Male,Science,10-C,Midterm,1134,Carol,Rollins,adam03@gmail.com,14,75%,26,26,52,"₹40,000"
B,Female,Science,10-A,Midterm,1135,Arthur,Schultz,hpatel@gmail.com,13,100%,28,35,63,"₹70,000"
C,Female,English,10-A,Midterm,1136,Michael,Bass,jill26@hurst-campos.com,18,99%,26,35,61,"₹80,000"
B+,Female,Science,10-B,Final,1137,Michael,Bryant,amurphy@perez.org,17,90%,23,49,72,"₹40,000"
C,Male,History,10-A,Midterm,1138,John,Fuller,michaellopez@gmail.com,18,97%,21,22,43,"₹80,000"
B+,Female,Geography,10-A,Midterm,1139,Christine,Allen,meganthompson@hotmail.com,14,75%,26,31,57,"₹70,000"
B,Female,Geography,10-B,Final,1140,Melissa,Velazquez,jeffreyfloyd@yahoo.com,14,81%,23,26,49,"₹40,000"
C,Female,Geography,10-A,Midterm,1141,Joseph,Pearson,daniel92@briggs.com,14,88%,37,29,66,"₹20,000"
C+,Female,Math,10-B,Midterm,1142,Michael,Green,qjenkins@gmail.com,15,90%,48,35,83,"₹80,000"
B,Male,English,10-B,Final,1143,Christine,Hayes,holderrobert@hotmail.com,17,86%,48,21,69,"₹50,000"
C,Male,History,10-A,Final,1144,Kevin,Keller,fharmon@colon-guerrero.com,17,98%,37,47,84,"₹20,000"
A-,Female,Geography,10-B,Midterm,1145,Lorraine,Matthews,jared80@bentley-dixon.biz,14,86%,45,32,77,"₹70,000"
A-,Male,Geography,10-C,Midterm,1146,Kathleen,Jones,christopher96@sanders-gordon.info,17,80%,46,20,66,"₹80,000"
B+,Female,Geography,10-B,Final,1147,Jonathan,Kaiser,brian00@yahoo.com,17,83%,31,45,76,"₹50,000"
C+,Male,Science,10-A,Final,1148,Samuel,Butler,parkerpaul@hotmail.com,18,84%,27,36,63,"₹80,000"
C+,Female,English,10-A,Midterm,1149,Mary,Peterson,gonzalezmelissa@rich.com,16,84%,33,32,65,"₹20,000"
C+,Male,Math,10-C,Final,1150,Anthony,Miller,urodriguez@hotmail.com,17,78%,40,48,88,"₹30,000"
B+,Female,History,10-B,Midterm,1151,Denise,Freeman,jamesbarnes@perez.com,18,86%,49,43,92,"₹50,000"
B,Male,Geography,10-B,Midterm,1152,Marissa,Jones,donaldalvarado@stanley.com,13,98%,42,30,72,"₹20,000"
C,Female,English,10-C,Final,1153,Mary,Chandler,stephanie94@scott-campbell.com,16,96%,40,28,68,"₹50,000"
A-,Male,Math,10-C,Midterm,1154,Juan,Ross,jordan94@carroll-smith.com,17,92%,31,43,74,"₹60,000"
C,Female,Science,10-C,Midterm,1155,Stephanie,Anderson,katherinemartinez@king-sutton.info,18,84%,30,37,67,"₹70,000"
A-,Male,English,10-C,Midterm,1156,Michael,Powers,frenchbrittany@scott.biz,13,87%,38,27,65,"₹80,000"
B,Female,Science,10-A,Final,1157,Crystal,Landry,johnsonlawrence@hotmail.com,16,89%,43,43,86,"₹60,000"
C,Female,English,10-B,Final,1158,Jason,Price,joshuamarquez@yahoo.com,15,98%,50,38,88,"₹50,000"
B,Female,Science,10-A,Final,1159,Wendy,Kelley,james08@yahoo.com,14,90%,35,39,74,"₹60,000"
A-,Female,Math,10-B,Final,1160,Peter,Rowe,athompson@miller-singh.com,15,86%,23,26,49,"₹60,000"
C+,Male,Math,10-A,Final,1161,James,Phelps,margarethuang@hotmail.com,14,97%,40,30,70,"₹30,000"
C,Male,Math,10-B,Final,1162,Peter,Brooks,brandonbenson@hotmail.com,15,95%,49,24,73,"₹50,000"
C+,Male,Science,10-A,Final,1163,Jennifer,Miller,gregorykevin@gmail.com,13,87%,20,41,61,"₹20,000"
A,Male,English,10-A,Final,1164,Patrick,Ross,wrightjacob@mason.biz,17,91%,39,32,71,"₹70,000"
C+,Male,English,10-C,Midterm,1165,David,Clark,josecarpenter@miller-kline.com,13,90%,25,49,74,"₹60,000"
A-,Female,English,10-C,Midterm,1166,Tina,Sexton,amoyer@gmail.com,16,75%,26,29,55,"₹20,000"
A-,Female,Geography,10-A,Final,1167,Andrew,Rice,erin37@hotmail.com,15,79%,38,26,64,"₹60,000"
A,Male,English,10-A,Final,1168,Wesley,Taylor,briancastro@gmail.com,14,82%,42,35,77,"₹80,000"
B,Female,Science,10-C,Final,1169,Veronica,Guerrero,coreysmith@hotmail.com,16,85%,41,28,69,"₹70,000"
C,Female,Math,10-C,Midterm,1170,Manuel,Black,acastro@perkins-riley.com,15,77%,26,42,68,"₹80,000"
B+,Male,History,10-C,Final,1171,Courtney,West,ssoto@johnson-franklin.com,13,78%,26,23,49,"₹80,000"
A-,Male,Geography,10-C,Midterm,1172,Lisa,Evans,edwin19@hotmail.com,14,100%,42,42,84,"₹70,000"
B,Male,Math,10-B,Midterm,1173,Vanessa,French,eric89@dickerson-davidson.com,15,100%,38,34,72,"₹20,000"
C,Male,Math,10-B,Midterm,1174,Cassandra,Ferrell,kaylaalexander@yahoo.com,17,100%,20,36,56,"₹70,000"
B+,Female,Math,10-B,Final,1175,Antonio,Hodges,bridgeslynn@yahoo.com,14,79%,20,41,61,"₹50,000"
A,Female,History,10-A,Midterm,1176,Kayla,Sutton,xgray@roberts-williams.info,18,86%,32,24,56,"₹60,000"
C+,Female,Geography,10-B,Final,1177,Darren,Ross,cindyroth@gmail.com,15,75%,28,39,67,"₹60,000"
A,Male,Science,10-B,Final,1178,Ryan,Washington,sara49@yahoo.com,17,78%,30,49,79,"₹50,000"
A,Male,Math,10-B,Midterm,1179,Angela,Salazar,jeremynicholson@chung.org,15,83%,49,35,84,"₹60,000"
C,Male,Geography,10-C,Midterm,1180,Megan,Davis,rogersgregg@duke.biz,14,88%,34,38,72,"₹70,000"
A,Female,English,10-C,Midterm,1181,Ruth,Edwards,schmidtjenny@sellers.biz,15,82%,21,42,63,"₹40,000"
A-,Male,History,10-A,Final,1182,Scott,Gordon,steeletheresa@hotmail.com,15,97%,34,48,82,"₹50,000"
B+,Female,English,10-A,Midterm,1183,Scott,Wang,xsmith@gmail.com,16,76%,21,49,70,"₹60,000"
B,Male,Geography,10-B,Final,1184,James,Burton,aaron10@gmail.com,13,89%,35,42,77,"₹30,000"
B,Male,Geography,10-C,Midterm,1185,Carol,Blankenship,jonesgregory@gmail.com,18,96%,39,40,79,"₹60,000"
A-,Male,Math,10-B,Final,1186,Megan,Harvey,donnawatkins@martin-russell.com,13,87%,25,36,61,"₹40,000"
C,Female,History,10-A,Final,1187,Mark,Wade,joseph44@duncan.com,16,100%,23,24,47,"₹60,000"
B,Male,History,10-C,Final,1188,Ashley,Gibson,kenneth13@gmail.com,17,84%,21,37,58,"₹60,000"
C,Male,Geography,10-B,Midterm,1189,Michelle,Yu,dvance@gmail.com,18,77%,43,49,92,"₹60,000"
B+,Male,Science,10-C,Midterm,1190,Alexander,Paul,mmartinez@donaldson-lewis.net,17,95%,24,31,55,"₹20,000"
B,Female,Science,10-A,Final,1191,Madison,Oliver,denise36@gmail.com,14,76%,49,32,81,"₹20,000"
A-,Female,Science,10-B,Final,1192,Justin,Coleman,osmith@yahoo.com,14,81%,27,24,51,"₹20,000"
B+,Male,History,10-A,Midterm,1193,Christopher,Martinez,qlynn@smith.com,18,76%,20,47,67,"₹70,000"
B,Male,Geography,10-A,Midterm,1194,Sandra,Scott,sotokathleen@gmail.com,18,100%,47,24,71,"₹60,000"
A,Female,History,10-C,Midterm,1195,Christopher,Stein,jennifer72@rodriguez-schroeder.biz,17,95%,26,20,46,"₹80,000"
A-,Male,Science,10-C,Midterm,1196,Trevor,Zamora,shaun67@yahoo.com,15,80%,25,31,56,"₹50,000"
A,Male,Science,10-A,Final,1197,Dawn,Sandoval,kylepalmer@murray-kirk.info,18,96%,25,26,51,"₹20,000"
A,Female,History,10-A,Final,1198,Barbara,Williams,ghowell@jennings.org,17,94%,24,50,74,"₹60,000"
B,Male,Math,10-A,Final,1199,Tara,Miles,nhughes@barnes-prince.com,16,88%,50,24,74,"₹60,000"
A-,Female,English,10-C,Final,1200,Alexander,Davis,alvarezmelissa@hotmail.com,18,82%,21,30,51,"₹40,000"
C+,Female,Math,10-A,Final,1201,Brandon,Greene,rogersmartha@hotmail.com,14,92%,43,47,90,"₹70,000"
A,Male,Science,10-B,Final,1202,Anita,Martin,katherinenunez@gmail.com,16,97%,35,30,65,"₹80,000"
B,Male,English,10-B,Final,1203,Alexis,Morris,benjaminhill@weeks-robinson.com,14,80%,24,43,67,"₹20,000"
C+,Female,Math,10-C,Final,1204,Kimberly,Martin,mhines@hotmail.com,15,95%,31,24,55,"₹30,000"
A-,Female,Math,10-C,Final,1205,Carmen,Mathis,pamela53@robinson.info,13,83%,32,23,55,"₹80,000"
A,Male,Science,10-B,Midterm,1206,Christopher,Wallace,anthony83@bell-moore.com,16,87%,25,46,71,"₹20,000"
A,Female,Science,10-A,Final,1207,Scott,Mcdowell,egonzalez@berry.com,14,90%,20,30,50,"₹40,000"
B,Female,Geography,10-C,Midterm,1208,Timothy,Cox,benjamin00@gonzalez-harper.com,16,82%,46,26,72,"₹60,000"
B+,Male,English,10-B,Final,1209,Kelly,West,frank02@gmail.com,16,88%,49,24,73,"₹40,000"
A,Female,Math,10-C,Midterm,1210,Denise,Mcgee,lgonzalez@gardner-collier.com,14,80%,21,34,55,"₹30,000"
C+,Male,History,10-C,Final,1211,Robert,Curtis,hopkinsdesiree@hotmail.com,16,91%,41,24,65,"₹40,000"
A,Female,Science,10-C,Final,1212,Caitlin,Estrada,langstacy@good.info,18,82%,40,42,82,"₹80,000"
A-,Female,English,10-A,Midterm,1213,Christina,Hurst,amy14@buchanan.com,13,88%,43,32,75,"₹80,000"
A,Female,Geography,10-C,Final,1214,Steven,Martinez,lowekendra@hotmail.com,15,93%,45,23,68,"₹50,000"
A-,Female,Geography,10-C,Final,1215,Jill,Williams,michellepaul@porter-morris.com,14,98%,34,40,74,"₹70,000"
A-,Female,Math,10-C,Final,1216,Eric,Mccann,tstanton@yahoo.com,16,82%,25,25,50,"₹40,000"
A,Female,Math,10-B,Final,1217,Danielle,Patterson,monroejesus@hotmail.com,14,84%,22,34,56,"₹40,000"
A-,Female,Math,10-C,Midterm,1218,Maria,Camacho,sheila83@yahoo.com,15,88%,22,23,45,"₹70,000"
C+,Male,Science,10-C,Midterm,1219,Peter,Pearson,jamiemurphy@gmail.com,16,82%,24,37,61,"₹50,000"
A,Female,Science,10-B,Final,1220,Jared,Smith,johnsonashley@carrillo.net,17,82%,33,38,71,"₹50,000"
A-,Female,English,10-B,Final,1221,Savannah,Brewer,matthew24@castro.com,16,75%,21,24,45,"₹30,000"
C+,Female,Geography,10-A,Final,1222,Jennifer,Meadows,taylortyler@hotmail.com,18,88%,31,25,56,"₹70,000"
A,Male,Geography,10-B,Final,1223,Sarah,Sexton,ryan01@yahoo.com,15,83%,38,33,71,"₹40,000"
C+,Male,Math,10-B,Midterm,1224,Elaine,Stewart,debrahuang@hanson-smith.com,15,99%,28,30,58,"₹60,000"
A,Male,English,10-A,Midterm,1225,Robert,Thomas,fdavis@mclaughlin.com,13,79%,35,40,75,"₹20,000"
A,Female,English,10-A,Final,1226,Julie,Stewart,barrymichael@yahoo.com,15,79%,37,34,71,"₹20,000"
A,Female,History,10-C,Final,1227,Kevin,Ellison,novaktracy@kline-dyer.com,15,79%,20,22,42,"₹80,000"
A-,Female,Geography,10-A,Final,1228,Laura,Hoffman,stricklandkristina@perez.com,13,75%,45,45,90,"₹50,000"
A-,Female,Science,10-B,Final,1229,Dan,Baker,rebekah46@olson.com,15,84%,35,24,59,"₹70,000"
A-,Male,Science,10-B,Final,1230,Thomas,Mcneil,douglasscott@guzman-gentry.com,15,92%,31,45,76,"₹80,000"
A,Female,Geography,10-C,Midterm,1231,Shelley,Wells,lindarichards@gmail.com,18,89%,29,21,50,"₹80,000"
A-,Male,Science,10-B,Midterm,1232,Tammy,Wu,alyssarodriguez@lopez.com,15,88%,30,34,64,"₹70,000"
C+,Female,Science,10-C,Final,1233,Richard,Johnson,vmiller@davis.com,18,82%,24,33,57,"₹60,000"
C,Male,English,10-A,Midterm,1234,Cynthia,Thomas,franklinalexandria@yahoo.com,16,86%,31,36,67,"₹20,000"
A-,Male,Geography,10-B,Midterm,1235,Patricia,Castaneda,chris40@walters-baxter.com,17,77%,31,42,73,"₹50,000"
C,Male,English,10-B,Final,1236,Brandon,Randall,mooreray@hotmail.com,16,84%,37,43,80,"₹40,000"
A-,Female,Math,10-C,Final,1237,Jesse,Mcpherson,gillmary@yahoo.com,16,83%,44,38,82,"₹40,000"
B+,Male,English,10-A,Final,1238,Tyler,Ferguson,scottwarren@graham.com,17,82%,22,22,44,"₹20,000"
A,Male,History,10-C,Final,1239,Samuel,Robinson,nsimpson@yahoo.com,15,80%,43,26,69,"₹80,000"
C+,Female,Geography,10-C,Final,1240,Bryan,Evans,pwood@castillo.info,15,98%,48,28,76,"₹70,000"
B,Male,Math,10-B,Final,1241,Michael,Cook,justinrivera@barnes.info,15,94%,29,47,76,"₹60,000"
B+,Male,Science,10-A,Final,1242,Julia,Smith,jennifer18@yahoo.com,17,77%,20,50,70,"₹20,000"
A-,Male,Geography,10-A,Final,1243,Jasmine,Stevenson,jennifermacias@miller.com,14,90%,24,29,53,"₹50,000"
B+,Female,History,10-A,Midterm,1244,Thomas,Wise,tedwards@phillips.com,17,84%,33,31,64,"₹40,000"
B,Female,Science,10-C,Midterm,1245,Kelly,Rodriguez,hevans@hendrix.net,13,91%,49,50,99,"₹50,000"
A,Male,History,10-C,Midterm,1246,Parker,Bell,andreacontreras@lawson.com,13,95%,20,38,58,"₹40,000"
A-,Female,History,10-C,Midterm,1247,Joe,Cohen,ashley60@yahoo.com,14,94%,23,41,64,"₹30,000"
A-,Male,Science,10-A,Midterm,1248,Alexis,Bell,vanessagordon@flores.com,14,89%,41,36,77,"₹20,000"
A,Male,Geography,10-C,Midterm,1249,Danielle,Braun,tiffany79@hotmail.com,18,92%,46,33,79,"₹40,000"
C+,Female,English,10-A,Final,1250,David,Diaz,perezjasmine@hotmail.com,17,94%,28,20,48,"₹50,000"
A,Male,Science,10-C,Midterm,1251,Bradley,Garcia,david83@brown.com,16,89%,33,25,58,"₹80,000"
C+,Male,History,10-C,Final,1252,Kelly,Brown,beltranmelissa@contreras.com,16,90%,23,38,61,"₹60,000"
B+,Female,Geography,10-A,Midterm,1253,Meghan,Arnold,jamesparker@gonzalez.info,17,85%,46,41,87,"₹60,000"
C,Male,Geography,10-B,Midterm,1254,Craig,Whitaker,heather22@hernandez.com,17,86%,49,20,69,"₹40,000"
C+,Male,Geography,10-C,Final,1255,Kayla,Sullivan,wdonovan@allen.com,14,100%,42,29,71,"₹20,000"
B,Male,Science,10-A,Final,1256,Ronald,James,lisaadams@yahoo.com,18,75%,35,45,80,"₹80,000"
A,Female,History,10-B,Midterm,1257,Louis,White,scottleblanc@nguyen.com,18,90%,46,24,70,"₹50,000"
B,Male,History,10-C,Midterm,1258,Kevin,Ellis,misty25@mccoy.biz,18,85%,39,44,83,"₹60,000"
A,Female,English,10-C,Final,1259,Jennifer,Scott,zmathis@hotmail.com,16,83%,50,44,94,"₹30,000"
C+,Male,English,10-A,Final,1260,Krista,Salazar,moranjames@gmail.com,18,78%,50,21,71,"₹70,000"
A-,Male,English,10-C,Midterm,1261,Alan,Stephens,hardingeorge@gmail.com,14,77%,46,40,86,"₹30,000"
A-,Male,History,10-C,Midterm,1262,Sandra,Alvarez,grosssarah@griffin-wells.net,13,94%,30,23,53,"₹40,000"
B,Female,History,10-B,Midterm,1263,James,Martin,seanwilliams@frazier.org,16,87%,25,23,48,"₹50,000"
C,Female,Geography,10-B,Midterm,1264,Melissa,Roberson,sarah46@baker.net,14,86%,35,40,75,"₹80,000"
B+,Female,English,10-B,Final,1265,James,Owens,hillerika@yahoo.com,18,85%,34,45,79,"₹80,000"
A,Male,Science,10-C,Midterm,1266,Anthony,Huynh,kristinaskinner@moreno-maxwell.com,18,96%,41,22,63,"₹40,000"
B+,Male,Science,10-A,Final,1267,Jason,Patrick,wilsonderrick@hotmail.com,14,92%,48,50,98,"₹60,000"
B,Male,Geography,10-C,Final,1268,David,Palmer,smithvirginia@gmail.com,17,95%,40,49,89,"₹60,000"
A-,Male,History,10-A,Final,1269,Courtney,Miller,betty53@yahoo.com,17,97%,47,21,68,"₹20,000"
B+,Male,Science,10-A,Final,1270,Hunter,Edwards,parkruth@craig.info,13,77%,25,29,54,"₹70,000"
A-,Female,Science,10-B,Final,1271,Allen,Bailey,owenstoni@yahoo.com,16,86%,40,22,62,"₹40,000"
A,Female,Math,10-A,Final,1272,Karen,Hall,aanderson@gmail.com,16,83%,48,30,78,"₹70,000"
B,Female,Science,10-A,Final,1273,Sara,Kemp,jeremycastillo@gmail.com,17,77%,47,48,95,"₹80,000"
A-,Male,English,10-B,Final,1274,Hannah,Davis,robertroberts@fox.com,15,86%,29,35,64,"₹70,000"
B,Male,Science,10-B,Final,1275,Harold,Harmon,jamesdavid@davis.com,14,82%,22,44,66,"₹50,000"
A,Male,Geography,10-B,Final,1276,Brandon,Vasquez,ncastro@johnson-allen.info,16,79%,46,37,83,"₹30,000"
C+,Male,History,10-A,Final,1277,Erik,Bender,wochoa@hotmail.com,17,83%,45,29,74,"₹70,000"
A-,Male,Math,10-A,Midterm,1278,Veronica,Lynch,osmith@yahoo.com,16,83%,33,23,56,"₹80,000"
A-,Female,Math,10-B,Midterm,1279,Tiffany,Flores,jessicaroberts@yahoo.com,17,91%,29,25,54,"₹20,000"
B+,Male,English,10-B,Final,1280,Rachel,Garcia,deborah73@hotmail.com,17,77%,26,21,47,"₹60,000"
B,Female,English,10-A,Midterm,1281,Krystal,Arroyo,cynthiawebb@yahoo.com,15,75%,45,40,85,"₹80,000"
C+,Male,Math,10-C,Final,1282,Kelly,Poole,pkidd@evans-stone.org,18,85%,27,46,73,"₹70,000"
C+,Female,Science,10-A,Midterm,1283,Laurie,Graham,stewartkellie@ryan.com,18,93%,41,29,70,"₹80,000"
B+,Female,English,10-B,Midterm,1284,Tanya,Bell,clarkrenee@gmail.com,15,92%,32,46,78,"₹60,000"
B,Male,Geography,10-A,Midterm,1285,Mark,Alexander,kperez@andrews.com,15,97%,37,32,69,"₹30,000"
C,Male,Geography,10-A,Final,1286,Bradley,Snyder,matthewyoder@gmail.com,18,75%,27,31,58,"₹80,000"
B+,Female,English,10-C,Midterm,1287,April,Ferguson,johnsoneric@martinez.biz,16,79%,35,22,57,"₹30,000"
C,Male,Geography,10-C,Final,1288,Matthew,Sims,hortonjames@johnson.net,15,92%,30,41,71,"₹50,000"
A-,Male,Geography,10-A,Midterm,1289,Nicole,Simmons,ggomez@ballard.com,16,85%,29,43,72,"₹20,000"
C+,Female,Math,10-B,Midterm,1290,Jason,Hansen,michaelgibson@mueller-cabrera.net,15,88%,44,28,72,"₹50,000"
B,Male,History,10-B,Final,1291,Tammy,Stokes,robert70@hull-white.net,17,75%,22,34,56,"₹20,000"
A-,Female,History,10-B,Final,1292,Pamela,Cook,alice05@yahoo.com,18,92%,37,39,76,"₹30,000"
B+,Female,Geography,10-C,Midterm,1293,Kim,Goodwin,christopherburns@hotmail.com,13,78%,49,24,73,"₹20,000"
A-,Male,History,10-A,Midterm,1294,Sarah,Riggs,jhall@hotmail.com,17,75%,30,25,55,"₹60,000"
B+,Male,History,10-B,Midterm,1295,Danny,Martin,catherinemiller@turner-christensen.com,13,93%,43,40,83,"₹70,000"
C,Male,Geography,10-C,Midterm,1296,Theresa,Perez,steven67@anderson-warren.com,15,96%,50,50,100,"₹80,000"
B+,Female,Geography,10-B,Midterm,1297,Sarah,Rivera,erik65@gmail.com,13,81%,22,26,48,"₹50,000"
B+,Male,Science,10-C,Midterm,1298,Steven,Terrell,virginia71@yahoo.com,13,78%,44,47,91,"₹60,000"
A,Female,Math,10-C,Final,1299,Justin,Smith,rogersdonna@lawrence.com,16,92%,20,47,67,"₹30,000"
A,Male,History,10-B,Midterm,1300,Martha,Ward,michael44@oneal.net,13,88%,47,49,96,"₹40,000"
B+,Female,English,10-C,Final,1301,Benjamin,Young,brenda60@hotmail.com,17,99%,40,42,82,"₹30,000"
C,Female,Science,10-C,Final,1302,Ryan,Roberts,hugheslaurie@gmail.com,17,86%,37,47,84,"₹50,000"
B+,Male,Geography,10-A,Final,1303,Rodney,Alvarez,xmurray@johnson.com,18,92%,47,34,81,"₹80,000"
A-,Male,Geography,10-B,Midterm,1304,Cameron,Evans,berryjessica@jackson.com,18,88%,23,39,62,"₹30,000"
A,Female,Math,10-C,Midterm,1305,Brandon,Bailey,williamkaufman@rodriguez.info,18,96%,26,32,58,"₹20,000"
A-,Male,Math,10-A,Final,1306,Mikayla,Sweeney,pereznoah@mendoza-martin.com,16,79%,41,21,62,"₹80,000"
A-,Female,Geography,10-C,Final,1307,Amanda,Cruz,hubbardphillip@silva-boyd.org,13,92%,39,42,81,"₹60,000"
B,Male,Geography,10-A,Final,1308,Dustin,Young,romeromatthew@gmail.com,13,88%,47,33,80,"₹20,000"
B+,Male,Science,10-A,Midterm,1309,Garrett,Wilson,davidbrady@gmail.com,13,78%,39,29,68,"₹30,000"
C+,Female,Geography,10-A,Final,1310,Timothy,Williams,saguirre@yahoo.com,17,100%,20,40,60,"₹70,000"
B+,Female,History,10-B,Midterm,1311,Anne,Holmes,chenamber@yahoo.com,15,78%,38,22,60,"₹30,000"
C+,Female,Science,10-A,Midterm,1312,Robert,Hill,tcarter@jackson.com,17,78%,28,31,59,"₹20,000"
B+,Male,Geography,10-C,Midterm,1313,Karen,Jones,anthonyconrad@meyer-johnson.com,14,100%,27,43,70,"₹20,000"
C,Female,Geography,10-B,Midterm,1314,Devon,Perez,colekirk@yahoo.com,18,78%,33,36,69,"₹70,000"
C,Female,Science,10-C,Midterm,1315,William,Dalton,oanderson@meyer-jones.com,14,79%,41,29,70,"₹50,000"
C,Female,English,10-C,Midterm,1316,Megan,Brown,logananderson@brown.net,14,90%,29,30,59,"₹40,000"
C,Female,Math,10-A,Final,1317,Richard,Torres,toniwelch@clark.com,14,84%,44,42,86,"₹50,000"
B+,Female,History,10-C,Midterm,1318,Brian,Cantu,knoxandrea@diaz-kennedy.info,17,100%,31,49,80,"₹60,000"
C+,Female,History,10-A,Final,1319,Jeffrey,Santos,ssweeney@wilson-richardson.com,15,87%,33,37,70,"₹30,000"
C,Male,Geography,10-C,Final,1320,Claudia,Alexander,garciaangela@gmail.com,17,83%,22,29,51,"₹50,000"
B+,Male,Math,10-A,Midterm,1321,William,Galloway,ernest75@trujillo.com,17,92%,39,24,63,"₹80,000"
C+,Female,History,10-A,Final,1322,Shelley,Jimenez,hartmaureen@hotmail.com,13,95%,50,25,75,"₹30,000"
C+,Male,Math,10-A,Midterm,1323,Sydney,Santos,pennyryan@zhang-harrell.com,15,88%,41,42,83,"₹30,000"
C,Female,English,10-C,Midterm,1324,Rebecca,Medina,cowancharles@casey.com,13,81%,24,40,64,"₹20,000"
B,Female,Math,10-B,Final,1325,Brent,Harris,lboyer@yahoo.com,16,84%,41,25,66,"₹80,000"
B,Female,English,10-A,Final,1326,Molly,Watts,mcintoshjulie@white.com,14,90%,25,36,61,"₹80,000"
C+,Male,History,10-A,Midterm,1327,Sara,Lopez,katelyn04@webster-powers.com,17,94%,25,43,68,"₹60,000"
C,Female,Geography,10-A,Midterm,1328,Christopher,Mitchell,bakerrebecca@diaz.com,17,97%,23,50,73,"₹40,000"
C,Male,English,10-C,Final,1329,Randy,Stokes,rnelson@houston.com,15,95%,45,20,65,"₹80,000"
B,Female,English,10-C,Final,1330,Shawn,Romero,sheri15@taylor.net,16,92%,28,27,55,"₹60,000"
A-,Male,Science,10-B,Final,1331,Deanna,Greene,brandigraham@page-humphrey.com,16,85%,23,42,65,"₹40,000"
B,Female,Math,10-B,Final,1332,Maria,Rodriguez,abigail13@yahoo.com,18,75%,45,37,82,"₹30,000"
C,Male,History,10-C,Final,1333,Jonathon,Garcia,laurenkrueger@gmail.com,13,88%,42,29,71,"₹50,000"
B,Female,Geography,10-A,Midterm,1334,Brandi,Johnson,katrina08@gmail.com,16,82%,40,42,82,"₹50,000"
A,Male,Geography,10-A,Midterm,1335,Bethany,Austin,stephaniewhite@yahoo.com,13,100%,44,49,93,"₹40,000"
B,Male,Math,10-C,Final,1336,Ricky,Ball,brandon06@banks.com,13,84%,32,36,68,"₹60,000"
C+,Female,Science,10-B,Final,1337,Becky,Gonzalez,julie74@lynch-davis.com,18,85%,23,34,57,"₹30,000"
C+,Male,History,10-B,Final,1338,David,Macias,jaywalton@thompson.com,14,100%,47,34,81,"₹30,000"
B+,Male,Science,10-B,Final,1339,Mikayla,Martin,lynn71@holmes.com,17,80%,34,37,71,"₹80,000"
C,Male,Science,10-C,Midterm,1340,Christie,Chavez,edelgado@montgomery-clark.info,14,82%,45,42,87,"₹80,000"
B,Female,Geography,10-B,Final,1341,Courtney,Rice,toni83@gmail.com,17,75%,26,42,68,"₹60,000"
C,Male,History,10-C,Midterm,1342,Jacqueline,Phelps,lesterlinda@bass.com,15,97%,42,26,68,"₹50,000"
A-,Female,Geography,10-B,Final,1343,Jeffrey,Miller,tamara70@hotmail.com,16,78%,31,20,51,"₹60,000"
B,Male,Geography,10-B,Midterm,1344,Andrew,Smith,heathercrawford@smith.biz,13,85%,45,38,83,"₹80,000"
B,Male,Science,10-C,Final,1345,Catherine,Gray,noahwhite@gmail.com,16,75%,47,40,87,"₹80,000"
C+,Female,History,10-B,Final,1346,Brandon,Weiss,donnajimenez@harper-turner.com,18,90%,39,47,86,"₹20,000"
A-,Male,Science,10-C,Final,1347,Amy,Bailey,david19@yahoo.com,14,78%,21,32,53,"₹50,000"
A-,Male,English,10-A,Midterm,1348,Shawn,Finley,tsantana@gmail.com,15,96%,47,38,85,"₹80,000"
A,Male,Math,10-C,Final,1349,Alexander,May,davisernest@gmail.com,16,88%,30,20,50,"₹80,000"
B+,Female,Math,10-C,Midterm,1350,Lisa,Irwin,francis26@vasquez.biz,13,90%,30,47,77,"₹70,000"
A-,Female,History,10-B,Midterm,1351,Curtis,Ortega,leeclarence@gmail.com,13,93%,50,34,84,"₹20,000"
A-,Female,Geography,10-A,Final,1352,Derek,Price,jbailey@mitchell.com,16,99%,30,32,62,"₹80,000"
C+,Male,Science,10-A,Midterm,1353,Clarence,Peters,mejiaandrew@griffin.biz,16,83%,22,39,61,"₹70,000"
A-,Female,Science,10-C,Final,1354,Suzanne,Davidson,zblevins@gmail.com,16,98%,37,49,86,"₹40,000"
B+,Male,English,10-B,Final,1355,Thomas,Vazquez,harperjeffrey@white-rose.biz,16,82%,35,41,76,"₹80,000"
C+,Female,History,10-B,Midterm,1356,Charlotte,Thomas,jay00@gmail.com,13,96%,26,27,53,"₹40,000"
B+,Female,English,10-B,Final,1357,Kathleen,Green,peterconway@gmail.com,17,79%,31,27,58,"₹70,000"
A,Female,English,10-A,Midterm,1358,Michelle,Fowler,zclayton@gmail.com,14,81%,33,31,64,"₹50,000"
B,Male,Geography,10-C,Final,1359,Robert,Ray,ballardnicole@gmail.com,16,94%,28,33,61,"₹60,000"
C+,Male,Science,10-C,Final,1360,Michelle,Thompson,angelahebert@yahoo.com,16,88%,36,31,67,"₹40,000"
A,Female,English,10-C,Final,1361,Bradley,Hart,sandrabaker@gmail.com,15,91%,40,31,71,"₹60,000"
C,Male,Math,10-C,Midterm,1362,Michael,Nelson,nicole56@fitzgerald.com,14,82%,34,46,80,"₹20,000"
C+,Female,Geography,10-B,Final,1363,Jennifer,Hernandez,ysoto@turner-soto.org,17,84%,38,33,71,"₹70,000"
B,Female,Math,10-C,Midterm,1364,Mary,Ward,dana46@yahoo.com,13,75%,42,28,70,"₹80,000"
A-,Male,History,10-C,Final,1365,Jennifer,Klein,pwilson@king.com,17,87%,32,36,68,"₹30,000"
A-,Male,English,10-C,Midterm,1366,Richard,Stewart,cynthia08@hotmail.com,14,78%,42,34,76,"₹70,000"
B,Female,Science,10-B,Midterm,1367,Colton,Castro,carlsonrichard@hotmail.com,17,85%,29,37,66,"₹50,000"
B+,Male,History,10-B,Midterm,1368,Karen,Hunt,wschmitt@johnson-cardenas.info,13,76%,49,24,73,"₹20,000"
B,Male,Science,10-C,Midterm,1369,Sarah,Ochoa,qspears@dickerson.biz,15,75%,30,49,79,"₹60,000"
A-,Female,English,10-A,Midterm,1370,Tiffany,Wells,matthew66@smith-higgins.com,18,81%,30,22,52,"₹30,000"
A,Female,Math,10-B,Final,1371,Gilbert,Davis,zachary95@callahan.com,13,85%,49,43,92,"₹50,000"
A-,Male,Science,10-C,Midterm,1372,Holly,Collins,hartmannicholas@hotmail.com,13,84%,30,36,66,"₹50,000"
C+,Male,History,10-B,Final,1373,Suzanne,Wu,xbecker@hotmail.com,13,88%,21,29,50,"₹20,000"
B+,Male,Science,10-C,Final,1374,Ryan,Gonzalez,vincentmeghan@jenkins-olson.biz,13,88%,46,26,72,"₹40,000"
B+,Female,Science,10-A,Midterm,1375,Sharon,Gallagher,ajohnson@yahoo.com,18,94%,50,35,85,"₹20,000"
B+,Male,History,10-A,Final,1376,Brian,Simon,staceydavies@gmail.com,16,92%,46,30,76,"₹50,000"
A-,Female,English,10-C,Final,1377,Billy,Hall,mackenzie77@fox-tucker.com,15,75%,46,21,67,"₹80,000"
B,Female,History,10-B,Final,1378,Trevor,Bailey,lee90@lozano.net,14,85%,36,27,63,"₹70,000"
A,Female,English,10-B,Midterm,1379,Martin,Leonard,unoble@mathis-edwards.org,16,87%,33,43,76,"₹60,000"
B,Male,English,10-B,Final,1380,William,Harris,christian67@hotmail.com,17,92%,45,50,95,"₹30,000"
B,Male,Geography,10-A,Midterm,1381,Nicholas,Copeland,angelicawagner@durham-durham.com,18,76%,33,35,68,"₹40,000"
B+,Male,Geography,10-B,Final,1382,Eric,Beltran,ryanmartinez@hotmail.com,18,98%,33,29,62,"₹50,000"
A,Female,Science,10-C,Final,1383,Xavier,Noble,mbailey@hotmail.com,16,94%,27,31,58,"₹50,000"
A,Female,English,10-B,Midterm,1384,Angela,Davis,megan65@hotmail.com,18,76%,32,27,59,"₹80,000"
B,Female,Science,10-B,Final,1385,Melissa,Sullivan,william40@cummings.org,18,95%,40,47,87,"₹20,000"
B+,Male,Math,10-B,Final,1386,Jacob,Hernandez,stevensimon@black.com,13,89%,32,46,78,"₹20,000"
B,Female,English,10-B,Final,1387,Amy,Jones,jasminerivera@torres.net,17,87%,40,28,68,"₹30,000"
A,Male,Math,10-A,Final,1388,Bridget,Ewing,gloveradam@dunn.com,13,80%,27,26,53,"₹20,000"
B+,Male,English,10-A,Final,1389,Stacy,Steele,daniel94@cooper.com,16,96%,38,34,72,"₹80,000"
B,Female,Math,10-A,Midterm,1390,Michelle,Manning,ylopez@gonzalez.net,15,98%,38,26,64,"₹40,000"
A,Male,Geography,10-A,Midterm,1391,Jennifer,Chapman,stephenanderson@yahoo.com,18,89%,21,27,48,"₹40,000"
C,Female,English,10-C,Midterm,1392,Leslie,Williams,iwagner@gmail.com,14,96%,23,39,62,"₹40,000"
B+,Female,Science,10-A,Midterm,1393,James,Fields,lorimason@williams.info,15,85%,31,49,80,"₹20,000"
A,Male,Geography,10-A,Final,1394,Richard,Reid,rosschristine@page.biz,13,100%,34,38,72,"₹70,000"
B,Female,Science,10-A,Midterm,1395,Penny,Murray,vmiller@jacobs-meza.org,15,75%,33,26,59,"₹60,000"
A,Female,Math,10-B,Midterm,1396,Todd,Brown,bishopgary@harris.com,14,87%,32,26,58,"₹60,000"
C+,Female,Geography,10-A,Final,1397,Christopher,Matthews,qhall@gmail.com,13,92%,44,37,81,"₹70,000"
C+,Male,History,10-A,Midterm,1398,Austin,Lawrence,kenneth32@yahoo.com,15,82%,39,29,68,"₹40,000"
C+,Female,Science,10-B,Midterm,1399,Aaron,Hawkins,martinezscott@hall.com,13,83%,29,33,62,"₹60,000"
B+,Male,Geography,10-B,Final,1400,Haley,Ryan,nancyjimenez@gmail.com,14,92%,41,40,81,"₹50,000"
A,Female,Science,10-A,Midterm,1401,Kevin,Johnson,kalexander@hotmail.com,18,98%,21,47,68,"₹50,000"
B+,Male,Math,10-C,Final,1402,Jimmy,Mendez,patrick96@hotmail.com,13,79%,43,43,86,"₹40,000"
C+,Female,History,10-A,Midterm,1403,William,Shaffer,justin59@gmail.com,15,83%,44,48,92,"₹40,000"
B+,Female,Science,10-C,Midterm,1404,Christine,Cameron,lortega@gmail.com,18,78%,40,46,86,"₹70,000"
A,Male,History,10-A,Final,1405,Erik,Thompson,john75@hernandez.info,13,84%,41,44,85,"₹30,000"
A-,Male,Geography,10-A,Final,1406,Tonya,Whitehead,bclarke@rose.com,15,99%,50,29,79,"₹70,000"
B,Male,History,10-B,Final,1407,Denise,Allen,valeriemcmillan@odom.com,18,77%,32,48,80,"₹60,000"
A-,Male,Science,10-A,Midterm,1408,Alicia,Kelley,lshelton@dominguez-harrison.biz,13,89%,43,24,67,"₹70,000"
C+,Male,Geography,10-B,Midterm,1409,Robert,Flores,kcasey@hernandez-jackson.com,17,99%,49,35,84,"₹70,000"
A-,Female,Math,10-C,Midterm,1410,James,Evans,martinezdiana@jones-bailey.org,16,91%,43,42,85,"₹30,000"
C,Male,Science,10-B,Final,1411,Donald,Mendoza,javier51@yahoo.com,17,81%,40,48,88,"₹40,000"
B,Female,History,10-A,Final,1412,Margaret,Haney,megan34@simmons.info,17,84%,45,25,70,"₹50,000"
A,Male,Geography,10-A,Midterm,1413,Kimberly,Allen,vhobbs@young.com,16,96%,38,36,74,"₹50,000"
A,Female,Science,10-B,Final,1414,Daniel,Johnson,samuel40@rogers-barron.org,17,93%,25,34,59,"₹80,000"
A,Female,History,10-A,Final,1415,Andres,Bell,millsdavid@smith-king.com,17,77%,49,23,72,"₹20,000"
C,Female,History,10-C,Final,1416,Cindy,Sullivan,joshuaball@hotmail.com,13,91%,24,37,61,"₹50,000"
A-,Male,Math,10-B,Final,1417,Jesse,Newman,ralphgonzalez@griffith.com,17,88%,40,40,80,"₹20,000"
C+,Female,Science,10-A,Midterm,1418,Kenneth,Clay,erica64@hotmail.com,18,75%,36,25,61,"₹30,000"
C,Male,Math,10-C,Final,1419,Susan,Mora,martinezjennifer@yahoo.com,13,100%,22,24,46,"₹70,000"
C+,Male,History,10-B,Midterm,1420,Alexandria,Wood,sandra35@hotmail.com,18,84%,45,23,68,"₹30,000"
C,Male,Geography,10-C,Final,1421,Jacob,May,oconnorjesse@francis.com,17,82%,27,49,76,"₹70,000"
A-,Male,Science,10-C,Midterm,1422,Adam,Howell,brittanygonzalez@hotmail.com,17,94%,23,35,58,"₹60,000"
B,Male,Geography,10-A,Midterm,1423,Stephanie,Davis,erintyler@hotmail.com,17,83%,41,21,62,"₹40,000"
C,Female,Geography,10-B,Final,1424,Amy,Anderson,gelliott@baker-bailey.com,16,89%,31,46,77,"₹70,000"
C+,Female,English,10-A,Final,1425,April,Evans,karen55@yahoo.com,15,87%,31,27,58,"₹60,000"
A-,Male,English,10-C,Final,1426,Renee,Simon,nicolerojas@hotmail.com,13,85%,24,28,52,"₹50,000"
A-,Male,Science,10-A,Midterm,1427,Karen,Boyd,dgardner@sullivan.com,14,75%,30,38,68,"₹40,000"
C,Female,English,10-A,Final,1428,Gabriel,Taylor,johnchavez@stewart.org,17,75%,37,26,63,"₹70,000"
C,Female,Geography,10-B,Midterm,1429,Timothy,Freeman,jonesjeremiah@hotmail.com,17,91%,21,49,70,"₹40,000"
B+,Female,History,10-B,Final,1430,Stephanie,Jennings,uchavez@goodman.com,17,79%,35,49,84,"₹60,000"
A,Female,English,10-B,Final,1431,Debbie,Clarke,vcrawford@yahoo.com,13,82%,26,41,67,"₹60,000"
C,Male,English,10-B,Midterm,1432,David,Black,robinfrancis@york-nelson.net,15,89%,46,27,73,"₹80,000"
B,Male,English,10-B,Midterm,1433,David,Burns,zcruz@huerta.com,14,95%,27,33,60,"₹80,000"
C+,Female,Science,10-B,Final,1434,Russell,Hicks,kimberly74@yahoo.com,14,88%,47,22,69,"₹70,000"
A,Female,Science,10-B,Midterm,1435,Sara,Hernandez,cathy39@mccall.org,13,100%,26,32,58,"₹70,000"
A-,Female,Geography,10-A,Midterm,1436,David,Williams,ebennett@hotmail.com,16,90%,25,39,64,"₹80,000"
A,Male,History,10-C,Midterm,1437,Joanna,Rodriguez,kelli83@armstrong.com,15,80%,30,27,57,"₹70,000"
B,Female,English,10-B,Final,1438,John,Khan,laurenstone@jones.org,16,100%,24,23,47,"₹40,000"
C,Male,Geography,10-B,Final,1439,Nicole,Lowe,christina52@hotmail.com,13,91%,32,25,57,"₹80,000"
B+,Male,History,10-C,Final,1440,Anthony,Stout,katherine36@hernandez.com,15,93%,29,20,49,"₹80,000"
C+,Male,Geography,10-B,Final,1441,Jenna,Valdez,cfuentes@sullivan.com,14,79%,25,33,58,"₹40,000"
B,Male,History,10-B,Final,1442,Craig,Gonzalez,zsimmons@rodriguez.com,14,84%,22,24,46,"₹20,000"
A,Male,Geography,10-A,Midterm,1443,Patricia,Martin,jessica18@schwartz-baker.com,14,81%,39,28,67,"₹20,000"
B,Male,Math,10-B,Midterm,1444,William,Ball,dandrews@mclaughlin.com,15,93%,36,46,82,"₹20,000"
B,Female,Science,10-A,Final,1445,Anne,Murphy,jennifer52@gmail.com,14,99%,37,27,64,"₹30,000"
C+,Female,History,10-C,Final,1446,Amber,Martin,ashleycrane@gmail.com,14,84%,42,21,63,"₹50,000"
A,Female,Geography,10-A,Midterm,1447,Angela,Krueger,amanning@hotmail.com,14,81%,37,28,65,"₹50,000"
C,Male,English,10-B,Final,1448,Kathy,Hayes,kevin91@holmes-bates.com,18,80%,26,22,48,"₹30,000"
C+,Female,Science,10-A,Midterm,1449,Todd,Schmidt,wesley67@scott-king.com,13,86%,35,26,61,"₹40,000"
A,Female,History,10-B,Final,1450,Nicole,Adams,david56@hotmail.com,13,91%,32,28,60,"₹80,000"
C,Male,Geography,10-A,Final,1451,Tiffany,Obrien,xfields@gmail.com,18,92%,20,40,60,"₹70,000"
A,Male,Math,10-C,Final,1452,Sheila,Garcia,cfrancis@yahoo.com,14,96%,25,39,64,"₹80,000"
A,Female,Math,10-B,Midterm,1453,Rachel,Hughes,davissteven@brock-anderson.com,13,76%,42,32,74,"₹20,000"
B,Female,History,10-A,Midterm,1454,Karen,Porter,jessica36@gmail.com,15,94%,45,50,95,"₹20,000"
B+,Male,Geography,10-B,Final,1455,Jeffery,Mcclain,lori45@lowe.biz,16,82%,27,27,54,"₹50,000"
A,Male,Math,10-B,Midterm,1456,Anthony,Todd,alexisshannon@morrow.com,16,76%,45,50,95,"₹80,000"
B,Male,Science,10-B,Midterm,1457,Tamara,Sanchez,fischerkimberly@jackson.com,17,75%,28,41,69,"₹40,000"
C+,Female,History,10-C,Midterm,1458,Dana,Weaver,geoffrey20@gmail.com,16,84%,43,40,83,"₹80,000"
B,Female,History,10-A,Midterm,1459,David,Roy,reedbob@hotmail.com,13,84%,26,41,67,"₹80,000"
B+,Female,English,10-B,Final,1460,Michael,Bush,ashleycarrillo@yahoo.com,14,79%,24,50,74,"₹70,000"
B+,Male,Math,10-C,Midterm,1461,Jacqueline,Brown,kevincooper@rivera.com,14,94%,24,34,58,"₹60,000"
A-,Female,Geography,10-C,Midterm,1462,Daniel,Whitaker,emilykirk@gmail.com,13,84%,50,23,73,"₹80,000"
B,Male,Science,10-A,Final,1463,James,Bates,ohurst@hotmail.com,17,82%,26,40,66,"₹20,000"
C,Male,Science,10-A,Final,1464,Dana,Nguyen,stevenprice@hansen.com,13,94%,45,35,80,"₹20,000"
A,Female,English,10-B,Midterm,1465,Katelyn,Blanchard,robert85@horne.com,14,93%,23,46,69,"₹70,000"
B+,Female,Math,10-B,Final,1466,Stephanie,Coffey,turnersandra@good.com,15,80%,43,36,79,"₹80,000"
C+,Male,English,10-C,Final,1467,Valerie,Heath,kevinlopez@hill.biz,16,75%,46,38,84,"₹60,000"
B+,Male,English,10-C,Final,1468,Bobby,Wheeler,crossdaniel@reid.net,14,95%,37,36,73,"₹80,000"
B,Female,History,10-A,Final,1469,Ruth,Graham,adudley@walker.com,17,90%,22,37,59,"₹60,000"
C,Female,Science,10-C,Midterm,1470,Austin,Ellis,jessicaclark@hotmail.com,14,85%,43,30,73,"₹50,000"
A-,Male,English,10-C,Midterm,1471,Thomas,Barber,pamelamiranda@wallace.com,18,82%,45,26,71,"₹60,000"
B,Female,History,10-C,Midterm,1472,Angela,Bailey,ithomas@yahoo.com,17,76%,25,32,57,"₹80,000"
A,Male,History,10-B,Final,1473,Anna,Smith,wiserita@hinton-williams.com,18,99%,38,27,65,"₹40,000"
C,Male,Geography,10-B,Final,1474,Robert,Valenzuela,miranda30@smith.com,18,97%,36,38,74,"₹50,000"
B+,Male,History,10-B,Final,1475,Dale,Harrell,floresgeorge@hotmail.com,16,80%,22,50,72,"₹30,000"
B+,Female,Science,10-B,Midterm,1476,Kristi,Conner,jessicaolson@hotmail.com,16,77%,48,25,73,"₹20,000"
A,Male,Math,10-B,Midterm,1477,Mitchell,Williams,smithgabriella@dawson.com,13,90%,34,24,58,"₹80,000"
B,Male,Math,10-B,Final,1478,Miranda,Hill,walkerduane@bowman.com,15,99%,43,48,91,"₹70,000"
C,Female,English,10-B,Midterm,1479,Corey,Hebert,matthewjohnson@smith.com,18,86%,24,28,52,"₹30,000"
A-,Female,History,10-B,Midterm,1480,Ryan,Johnson,wmccoy@hotmail.com,13,81%,33,23,56,"₹80,000"
A-,Male,Geography,10-A,Midterm,1481,Natalie,Kennedy,kcohen@gmail.com,16,99%,21,44,65,"₹30,000"
B,Male,Science,10-C,Midterm,1482,Leslie,Sullivan,cbailey@vasquez.com,13,77%,34,27,61,"₹60,000"
C,Male,Science,10-A,Final,1483,James,Odonnell,john26@gmail.com,15,97%,48,25,73,"₹40,000"
B+,Male,Math,10-A,Midterm,1484,Amber,Norris,corey12@rodriguez-stokes.com,13,97%,25,22,47,"₹80,000"
B,Male,English,10-A,Final,1485,Cristian,Cox,martinmichael@gonzalez.biz,16,77%,45,35,80,"₹70,000"
B,Female,Math,10-A,Midterm,1486,Nathan,Ross,gregorygardner@yahoo.com,15,96%,33,48,81,"₹30,000"
C,Male,History,10-B,Final,1487,Jacob,Bell,johnshaffer@yahoo.com,13,78%,28,47,75,"₹80,000"
A-,Female,Math,10-A,Final,1488,Ricky,Sherman,shaneharris@hotmail.com,14,94%,27,21,48,"₹60,000"
A-,Female,History,10-B,Final,1489,Angela,Contreras,jenniferyoung@yahoo.com,14,94%,41,29,70,"₹20,000"
C+,Female,History,10-A,Final,1490,Chase,Smith,igonzales@yahoo.com,14,100%,48,38,86,"₹30,000"
B+,Female,English,10-B,Final,1491,Andrew,Ward,michaelmccullough@walsh.com,14,98%,21,21,42,"₹40,000"
B+,Female,Geography,10-B,Midterm,1492,Kurt,Pugh,tiffanyparker@hall.com,16,94%,45,40,85,"₹50,000"
C+,Male,English,10-A,Midterm,1493,Brian,Love,christopherwallace@yahoo.com,18,90%,31,33,64,"₹30,000"
C+,Male,Geography,10-C,Final,1494,Timothy,Santos,marissacarter@vaughan-smith.com,16,97%,42,22,64,"₹80,000"
B+,Female,English,10-B,Midterm,1495,Gary,Hayes,kevinkent@hotmail.com,16,78%,33,23,56,"₹30,000"
A-,Male,Science,10-A,Final,1496,Rebecca,Melton,robertevans@lewis.net,14,76%,40,22,62,"₹50,000"
C+,Male,History,10-B,Final,1497,Todd,Hess,spencerbrent@gutierrez-pena.info,13,89%,27,23,50,"₹80,000"
C+,Male,English,10-C,Midterm,1498,Catherine,Rodriguez,jessicahuffman@price.net,13,100%,40,29,69,"₹50,000"
B+,Female,Geography,10-C,Midterm,1499,Michelle,Anderson,khopkins@moreno.com,16,76%,28,23,51,"₹70,000"
C,Female,Math,10-A,Midterm,1500,Michael,Fisher,hubbardrichard@anderson.biz,18,78%,44,42,86,"₹50,000"
C,Male,Science,10-C,Midterm,1501,Christopher,Guzman,kevin56@alvarez.biz,17,85%,44,24,68,"₹80,000"
C+,Male,Math,10-C,Midterm,1502,Michael,Mcdonald,umolina@baker-ramirez.org,15,90%,49,50,99,"₹20,000"
B,Male,English,10-A,Midterm,1503,James,Jenkins,mprice@anderson.info,16,90%,26,45,71,"₹70,000"
C+,Female,Geography,10-C,Midterm,1504,Scott,Ortiz,phillipschristina@davis.com,17,100%,41,25,66,"₹60,000"
C,Female,Science,10-A,Final,1505,Stephen,Jenkins,nancy03@hotmail.com,13,87%,46,34,80,"₹80,000"
A,Male,Science,10-C,Midterm,1506,Anna,Moses,bradnguyen@yahoo.com,18,89%,45,45,90,"₹20,000"
A,Male,History,10-B,Midterm,1507,Robin,Clayton,jonescindy@gmail.com,16,87%,49,25,74,"₹30,000"
C+,Male,Geography,10-B,Final,1508,Gabriel,Williams,alancoleman@gonzalez-huffman.info,16,85%,33,26,59,"₹40,000"
A-,Female,History,10-C,Final,1509,Paul,Nelson,robertcarey@rodriguez-weaver.biz,16,97%,22,22,44,"₹80,000"
C,Male,English,10-C,Midterm,1510,Tom,Thomas,peckmichael@mitchell-webb.com,16,90%,47,25,72,"₹70,000"
B+,Female,Science,10-C,Midterm,1511,Jennifer,Huber,jeffrey65@bailey.biz,17,85%,29,31,60,"₹60,000"
B,Male,English,10-B,Final,1512,Autumn,Spears,amycopeland@yahoo.com,18,95%,22,44,66,"₹70,000"
B,Male,English,10-A,Final,1513,Tina,White,omcdaniel@hernandez.com,17,78%,20,32,52,"₹20,000"
B,Female,Geography,10-A,Midterm,1514,Tammy,Sanchez,hallalison@gmail.com,14,79%,50,29,79,"₹40,000"
C,Female,Science,10-A,Final,1515,Nancy,Walters,jessicabarnes@gmail.com,15,86%,46,31,77,"₹40,000"
B,Female,Science,10-A,Final,1516,Sarah,Foster,christopher37@finley.com,15,96%,49,35,84,"₹30,000"
C+,Male,Geography,10-B,Final,1517,Christopher,Ellis,wjones@yahoo.com,17,94%,31,40,71,"₹30,000"
A-,Male,Science,10-A,Final,1518,Mary,Wells,kenneth08@montgomery.com,15,77%,30,43,73,"₹60,000"
A-,Male,English,10-B,Final,1519,Zachary,Cortez,anthonyrichardson@yahoo.com,17,94%,31,49,80,"₹80,000"
B,Male,Science,10-B,Midterm,1520,Ryan,Johnson,patrickwilliams@smith.org,14,96%,32,26,58,"₹70,000"
A,Male,English,10-B,Final,1521,Victor,Jensen,markhayes@hotmail.com,14,78%,39,47,86,"₹70,000"
A,Female,History,10-A,Midterm,1522,Lori,Marshall,mlucero@gmail.com,13,84%,22,49,71,"₹20,000"
A-,Female,Geography,10-B,Midterm,1523,William,Thompson,sosamark@cruz-west.com,15,89%,26,23,49,"₹60,000"
A-,Female,Geography,10-B,Midterm,1524,Susan,Robles,crystal13@hotmail.com,15,97%,42,32,74,"₹40,000"
B+,Male,English,10-B,Final,1525,Brittany,Allen,carpenteremily@gmail.com,18,96%,28,37,65,"₹40,000"
C,Female,Geography,10-C,Final,1526,Christina,Kirk,dlowe@hale.com,14,98%,42,27,69,"₹30,000"
C+,Male,Math,10-C,Final,1527,Jerry,Sweeney,pcollins@gmail.com,13,96%,44,20,64,"₹50,000"
C+,Female,Math,10-A,Midterm,1528,Wesley,Miller,kathleenlambert@hotmail.com,17,97%,27,26,53,"₹50,000"
A,Female,History,10-C,Midterm,1529,Vanessa,Rodriguez,kempdanielle@gmail.com,17,88%,47,36,83,"₹50,000"
A,Male,Science,10-B,Final,1530,Michael,Hodges,sflores@evans.com,16,95%,30,29,59,"₹60,000"
C,Male,Geography,10-C,Midterm,1531,Anthony,Smith,denniscosta@miller.biz,14,95%,46,36,82,"₹80,000"
C,Female,Science,10-A,Midterm,1532,Andrew,Martin,wschultz@gmail.com,16,97%,48,27,75,"₹60,000"
A-,Male,Science,10-B,Midterm,1533,Carmen,White,adiaz@hotmail.com,16,100%,29,38,67,"₹50,000"
C+,Male,History,10-C,Midterm,1534,Randall,Hickman,vhughes@johnson.com,17,96%,20,38,58,"₹30,000"
A-,Female,Science,10-B,Midterm,1535,Michael,Roberts,rjones@williams.com,16,87%,41,21,62,"₹60,000"
A,Male,English,10-B,Final,1536,Brian,Carpenter,thomasbrian@gmail.com,18,92%,38,20,58,"₹20,000"
C+,Female,Geography,10-C,Final,1537,Stephanie,Marshall,solisdavid@jones-watkins.com,14,87%,28,24,52,"₹30,000"
C,Male,History,10-A,Final,1538,Troy,Dean,sgreene@yahoo.com,16,77%,47,50,97,"₹30,000"
B,Female,History,10-A,Midterm,1539,Andrew,Burns,brooke26@yahoo.com,16,97%,33,35,68,"₹70,000"
C,Male,History,10-B,Midterm,1540,Alan,Green,angelawoods@gmail.com,16,77%,25,24,49,"₹60,000"
C,Female,History,10-A,Midterm,1541,Anne,Dunn,jeffreywhite@yahoo.com,14,83%,20,36,56,"₹70,000"
A,Male,Math,10-C,Midterm,1542,Jonathan,Miller,jessica46@gmail.com,18,93%,38,38,76,"₹40,000"
B,Female,Science,10-C,Final,1543,Andrea,Tran,lozanobrian@yahoo.com,13,90%,50,31,81,"₹70,000"
B+,Female,Math,10-C,Final,1544,Aaron,Ortiz,leeselena@williams-cole.com,18,98%,22,26,48,"₹50,000"
A,Male,English,10-A,Midterm,1545,Kristin,Bryant,wsmith@bennett.net,14,78%,35,50,85,"₹40,000"
A-,Male,Science,10-B,Final,1546,Sandra,Mason,richard94@vance.com,15,81%,46,20,66,"₹50,000"
C,Male,Math,10-B,Midterm,1547,Jessica,Pearson,carlbaker@hotmail.com,14,79%,20,50,70,"₹50,000"
B,Female,Math,10-C,Final,1548,Brandon,Johnson,herreraroger@bailey-odonnell.org,14,82%,21,36,57,"₹40,000"
B+,Female,Geography,10-B,Final,1549,Victor,Spencer,misty94@johnson.com,18,91%,31,21,52,"₹70,000"
A-,Female,Math,10-B,Final,1550,Christopher,Reyes,ntorres@taylor-crawford.com,15,86%,36,28,64,"₹40,000"
B+,Female,Math,10-A,Final,1551,Shelby,Ellis,lopezgeorge@poole.net,18,93%,35,43,78,"₹40,000"
A,Female,Geography,10-C,Final,1552,James,Wright,bryanmartin@ferrell.info,17,82%,25,38,63,"₹30,000"
A-,Male,English,10-B,Final,1553,Dana,English,ndean@hotmail.com,16,78%,24,34,58,"₹50,000"
A,Female,History,10-C,Final,1554,Stephanie,Banks,tonyamurray@yahoo.com,17,89%,37,48,85,"₹60,000"
C,Female,Science,10-B,Midterm,1555,Scott,Walter,lauraroberts@hotmail.com,18,100%,39,27,66,"₹80,000"
A,Female,Science,10-A,Midterm,1556,Jeremy,Thomas,andrew72@edwards.com,13,89%,22,50,72,"₹70,000"
B,Male,Math,10-C,Midterm,1557,Jerry,Williams,bellcaitlin@gmail.com,17,81%,42,46,88,"₹40,000"
C,Male,Geography,10-C,Final,1558,Lisa,Vasquez,dcrawford@gmail.com,13,94%,30,24,54,"₹20,000"
A,Female,Geography,10-A,Midterm,1559,Evan,Briggs,bcarter@yahoo.com,15,82%,26,26,52,"₹70,000"
C+,Male,Math,10-B,Final,1560,Sara,Barton,mcmahonjoshua@yahoo.com,16,85%,29,23,52,"₹30,000"
C+,Male,Math,10-C,Final,1561,Tonya,Parker,cody04@turner.com,18,90%,39,46,85,"₹30,000"
A,Male,English,10-C,Final,1562,Carol,Dorsey,schmittselena@yahoo.com,16,90%,41,34,75,"₹40,000"
A,Female,English,10-C,Midterm,1563,Robert,Yates,williamsjames@smith-mitchell.net,13,81%,47,41,88,"₹80,000"
C,Female,English,10-B,Midterm,1564,David,Bell,tammysanford@hotmail.com,17,89%,32,49,81,"₹80,000"
C,Female,English,10-C,Final,1565,Dustin,Johnson,susan78@yahoo.com,16,93%,44,42,86,"₹80,000"
A-,Male,Math,10-B,Midterm,1566,Caitlin,Webb,melissa08@gmail.com,16,99%,39,23,62,"₹60,000"
B,Female,Math,10-C,Final,1567,David,Glass,wsmith@gmail.com,16,98%,37,39,76,"₹30,000"
A-,Male,Geography,10-C,Midterm,1568,Mary,Curtis,emilyhill@hotmail.com,13,92%,26,34,60,"₹60,000"
A,Male,Science,10-C,Final,1569,Jeffrey,Schroeder,richardssamantha@gmail.com,14,86%,47,33,80,"₹70,000"
B,Female,Geography,10-B,Final,1570,Megan,Ford,melissapeterson@smith.com,16,85%,26,42,68,"₹20,000"
B,Female,Science,10-B,Final,1571,Anthony,Lee,colemanlogan@yahoo.com,13,80%,40,25,65,"₹50,000"
A-,Female,Math,10-A,Midterm,1572,Mariah,Carpenter,jessicasmith@thomas.com,18,92%,48,41,89,"₹50,000"
A-,Male,History,10-C,Midterm,1573,Hunter,Jensen,sryan@franklin.biz,17,93%,35,37,72,"₹60,000"
A-,Male,English,10-C,Midterm,1574,Alisha,Brown,mirandaanderson@yahoo.com,13,97%,23,27,50,"₹40,000"
C,Male,English,10-A,Midterm,1575,Angela,Boyle,eugene04@gmail.com,16,77%,24,33,57,"₹20,000"
A,Male,Geography,10-B,Midterm,1576,Eric,Wilson,robertrodriguez@gmail.com,15,83%,44,34,78,"₹50,000"
B+,Female,History,10-A,Final,1577,Bernard,Singleton,steven03@gmail.com,18,99%,23,38,61,"₹30,000"
C,Male,Science,10-C,Midterm,1578,Timothy,Moreno,bburgess@gmail.com,15,95%,49,24,73,"₹20,000"
A-,Female,History,10-A,Final,1579,Robin,Sanchez,brandon99@wright.com,16,94%,49,43,92,"₹40,000"
A,Male,Science,10-A,Midterm,1580,Stephanie,Edwards,nrice@yahoo.com,14,82%,24,28,52,"₹60,000"
C,Female,English,10-C,Final,1581,Kevin,Gonzalez,mary13@maldonado.biz,13,92%,39,25,64,"₹60,000"
A,Male,Science,10-C,Midterm,1582,Calvin,Herrera,adam10@yahoo.com,15,80%,41,30,71,"₹70,000"
C+,Male,Science,10-A,Midterm,1583,Destiny,Martinez,preynolds@hotmail.com,15,81%,27,49,76,"₹70,000"
C,Female,Geography,10-A,Final,1584,Sara,Butler,slopez@jackson-clark.info,16,98%,45,30,75,"₹30,000"
B+,Female,Geography,10-C,Midterm,1585,Sonya,Long,brendawhite@roberts.net,18,89%,50,25,75,"₹30,000"
B,Male,History,10-A,Final,1586,Stephen,Wilson,cainnatalie@black-haas.org,16,80%,25,20,45,"₹20,000"
A-,Female,Geography,10-B,Final,1587,Jo,Jackson,velezrichard@hotmail.com,17,85%,46,38,84,"₹20,000"
B,Female,Math,10-C,Midterm,1588,Jacob,Sullivan,farmerwilliam@gmail.com,15,82%,37,26,63,"₹30,000"
C+,Male,Math,10-B,Final,1589,David,Griffith,kenneth77@holland.com,15,76%,39,41,80,"₹60,000"
C+,Male,Math,10-B,Final,1590,Michelle,Wells,gowens@yahoo.com,14,92%,44,27,71,"₹30,000"
A,Male,History,10-B,Midterm,1591,Cheryl,Garcia,brian79@guzman.net,13,87%,33,22,55,"₹20,000"
B+,Female,Geography,10-C,Final,1592,Tim,Fowler,cbowman@schultz.com,17,92%,50,42,92,"₹50,000"
B,Male,History,10-C,Midterm,1593,Timothy,Gonzalez,whitakerearl@norton.com,17,88%,47,21,68,"₹40,000"
A,Female,Geography,10-A,Final,1594,Amy,Price,nmckinney@weiss.com,14,79%,31,35,66,"₹70,000"
B,Female,Science,10-A,Midterm,1595,Marc,Allen,jmartinez@gmail.com,14,98%,34,34,68,"₹60,000"
B+,Male,Math,10-B,Midterm,1596,Jose,Green,ghayes@gmail.com,18,75%,25,36,61,"₹50,000"
B+,Male,Science,10-A,Final,1597,Monica,Clarke,georgemarquez@best.com,16,96%,28,46,74,"₹30,000"
A-,Female,History,10-B,Midterm,1598,Lisa,Clark,donald96@yahoo.com,15,76%,47,30,77,"₹80,000"
A-,Female,Science,10-A,Final,1599,Jared,Jones,echang@vasquez.com,18,76%,23,42,65,"₹20,000"
A-,Male,History,10-B,Final,1600,William,Preston,pchavez@hotmail.com,18,85%,37,38,75,"₹80,000"
A,Male,Science,10-A,Midterm,1601,Amanda,Savage,millerjason@ellis.com,18,94%,29,31,60,"₹40,000"
A-,Female,Science,10-B,Midterm,1602,Cesar,Bartlett,michelle30@hotmail.com,15,78%,26,43,69,"₹60,000"
C+,Male,Math,10-A,Final,1603,Mark,Martin,ginamedina@steele.com,15,92%,47,49,96,"₹30,000"
B+,Male,Geography,10-C,Midterm,1604,Jeffrey,James,torreskimberly@daugherty.com,13,96%,33,50,83,"₹70,000"
A,Male,English,10-A,Midterm,1605,Rebecca,Green,bradley09@boone-mcclain.com,13,96%,28,42,70,"₹80,000"
A-,Female,English,10-B,Midterm,1606,Timothy,Mcclure,michaellopez@hotmail.com,15,91%,26,46,72,"₹80,000"
C+,Male,Math,10-C,Final,1607,David,Conner,iallen@franco.com,14,76%,47,29,76,"₹30,000"
C+,Male,English,10-A,Final,1608,Kathy,Conrad,mosskara@yahoo.com,18,87%,50,41,91,"₹70,000"
A,Male,Geography,10-C,Final,1609,Douglas,West,hbrown@hotmail.com,14,91%,42,23,65,"₹20,000"
B+,Male,Math,10-C,Midterm,1610,Nicholas,Thornton,ian32@henry-fry.net,16,97%,24,43,67,"₹60,000"
A-,Female,English,10-B,Final,1611,Jacqueline,Baker,margaretwillis@bailey.biz,18,93%,42,28,70,"₹20,000"
B+,Male,English,10-C,Midterm,1612,Michele,Burke,igolden@howard-harris.biz,18,80%,49,33,82,"₹70,000"
C,Female,History,10-C,Midterm,1613,James,Fields,vwalker@yahoo.com,17,83%,34,25,59,"₹20,000"
A,Female,Science,10-A,Midterm,1614,Ryan,Knight,rreese@yahoo.com,13,96%,50,50,100,"₹40,000"
C,Female,Science,10-B,Final,1615,Andrea,Crawford,daleraymond@yahoo.com,15,76%,43,46,89,"₹60,000"
C,Male,Geography,10-B,Final,1616,Mark,Davis,nmassey@hotmail.com,16,75%,47,47,94,"₹50,000"
C,Male,Geography,10-C,Final,1617,Antonio,Walters,jonesmark@hull-gomez.com,16,96%,28,45,73,"₹50,000"
C,Female,Math,10-A,Midterm,1618,Sabrina,Ward,carly38@yahoo.com,13,89%,25,35,60,"₹80,000"
C,Male,Geography,10-A,Midterm,1619,Stephanie,Harris,acraig@lynch.com,16,100%,32,22,54,"₹30,000"
B+,Female,History,10-A,Final,1620,Jeffrey,Alexander,austinhall@harrell-robinson.com,18,100%,30,48,78,"₹60,000"
C+,Female,Geography,10-C,Final,1621,Jennifer,Elliott,sergio01@marshall.com,17,75%,42,21,63,"₹20,000"
A,Female,History,10-A,Final,1622,Stephanie,Frank,cody26@watson-flores.biz,15,80%,40,20,60,"₹80,000"
C+,Male,Geography,10-B,Final,1623,Melissa,Chapman,zgarcia@valdez-ramirez.com,15,83%,39,21,60,"₹50,000"
A,Male,Science,10-B,Final,1624,Mariah,Johnson,heather64@russell.org,15,92%,30,40,70,"₹70,000"
B,Female,Math,10-B,Midterm,1625,Johnny,Vega,jeffreyharris@yahoo.com,14,76%,42,22,64,"₹80,000"
A-,Female,History,10-C,Midterm,1626,Sean,Burns,vhuerta@brown-hoover.info,18,91%,34,34,68,"₹60,000"
B+,Male,Geography,10-A,Final,1627,Misty,Fletcher,shaunsullivan@yahoo.com,13,90%,22,45,67,"₹20,000"
C,Male,Geography,10-B,Midterm,1628,Joyce,Smith,sara22@gmail.com,13,89%,23,37,60,"₹60,000"
C,Female,Science,10-C,Midterm,1629,Jill,Mcknight,rebekah60@gmail.com,18,98%,48,40,88,"₹20,000"
C,Male,English,10-B,Final,1630,Jonathan,Ford,parkstina@gmail.com,17,95%,24,39,63,"₹80,000"
B,Male,English,10-B,Final,1631,Tracey,Rivera,zharris@hotmail.com,14,88%,25,27,52,"₹50,000"
A-,Female,Science,10-B,Final,1632,Karen,Johnson,lsingleton@perry-gordon.com,16,100%,39,25,64,"₹60,000"
B,Female,English,10-A,Final,1633,Amanda,Day,ericcohen@yahoo.com,13,98%,32,45,77,"₹30,000"
A,Male,Math,10-A,Midterm,1634,Todd,Smith,johncampbell@torres.com,15,76%,26,33,59,"₹40,000"
C,Female,Science,10-C,Midterm,1635,Carol,Navarro,leonardkristen@yahoo.com,13,81%,25,46,71,"₹80,000"
B+,Male,Math,10-C,Midterm,1636,Joshua,Murphy,wroy@gmail.com,14,81%,25,49,74,"₹30,000"
B,Male,Geography,10-C,Midterm,1637,Brian,Hoover,cwilson@shah-harrell.com,18,86%,48,32,80,"₹20,000"
A-,Male,History,10-A,Midterm,1638,Suzanne,Hebert,irodriguez@yahoo.com,15,77%,30,40,70,"₹60,000"
C,Female,Geography,10-A,Final,1639,Shannon,Gonzales,nicholsonjoshua@massey-foster.com,17,84%,49,40,89,"₹80,000"
A-,Male,Geography,10-A,Final,1640,Kevin,Gardner,khernandez@elliott.com,16,84%,31,43,74,"₹40,000"
B,Female,Math,10-A,Final,1641,Gloria,Ayala,dbarton@hotmail.com,14,75%,36,24,60,"₹50,000"
B+,Male,History,10-A,Midterm,1642,Timothy,Merritt,michellemiller@gmail.com,15,92%,35,21,56,"₹40,000"
B+,Male,History,10-C,Final,1643,Teresa,Morris,scarter@hotmail.com,17,81%,44,33,77,"₹30,000"
B,Female,History,10-C,Midterm,1644,Jerry,Rose,zacharyhorne@barnes.com,16,89%,32,20,52,"₹30,000"
B+,Male,Geography,10-A,Midterm,1645,Zachary,Calhoun,bonnie31@sanchez-williams.com,18,97%,21,31,52,"₹30,000"
A,Male,Geography,10-A,Midterm,1646,Allison,Greene,ecordova@gonzalez.com,15,80%,44,25,69,"₹30,000"
C,Male,Science,10-C,Midterm,1647,Stacy,Black,julie32@hotmail.com,17,89%,50,30,80,"₹30,000"
A-,Female,Geography,10-C,Midterm,1648,Christopher,Johnson,carterkayla@gmail.com,18,83%,20,46,66,"₹60,000"
A,Female,Science,10-B,Final,1649,Rebecca,Mckay,evanduncan@medina-guerra.net,14,83%,40,22,62,"₹80,000"
A,Male,Science,10-B,Midterm,1650,Tracy,Mann,rwalker@hotmail.com,14,78%,44,28,72,"₹70,000"
B+,Female,Science,10-C,Final,1651,Cynthia,Williams,fandrade@hansen-brady.info,15,79%,24,48,72,"₹30,000"
C+,Male,Science,10-A,Final,1652,Cindy,Krueger,william14@taylor.net,18,88%,23,27,50,"₹50,000"
C+,Female,Science,10-C,Midterm,1653,Phillip,Williams,coxdonald@washington-gordon.com,14,96%,31,38,69,"₹80,000"
A,Male,Geography,10-C,Final,1654,William,Miller,adkinstracy@hill.com,17,85%,28,50,78,"₹70,000"
C+,Female,Geography,10-B,Midterm,1655,James,Newman,sswanson@long-flores.com,17,98%,46,37,83,"₹80,000"
C,Male,English,10-C,Midterm,1656,Jose,Mccann,yharris@pierce.com,16,84%,24,40,64,"₹80,000"
C+,Male,English,10-C,Final,1657,Scott,Wallace,stephen83@rhodes-austin.net,14,81%,37,22,59,"₹80,000"
C,Female,Math,10-A,Final,1658,Julia,Brown,travis46@andrews-gonzalez.info,13,99%,21,50,71,"₹50,000"
B+,Female,English,10-B,Final,1659,Megan,Simmons,hhickman@lewis.com,16,79%,43,39,82,"₹20,000"
C,Male,English,10-C,Midterm,1660,Teresa,Kelley,joshua67@moreno.org,18,94%,33,31,64,"₹60,000"
B,Female,Geography,10-A,Final,1661,Lauren,Johnson,elizabetherickson@blankenship-davis.com,16,88%,31,45,76,"₹80,000"
B,Male,Science,10-A,Midterm,1662,Sharon,Yates,john14@gmail.com,13,84%,36,22,58,"₹70,000"
C,Male,History,10-C,Midterm,1663,Phyllis,Leonard,matthewgonzalez@gmail.com,17,86%,27,40,67,"₹80,000"
A-,Male,English,10-B,Final,1664,Patrick,Ruiz,bwilliams@mitchell.com,13,99%,45,47,92,"₹70,000"
B,Male,Geography,10-B,Final,1665,Phillip,Jackson,henryjohn@mitchell.com,13,86%,23,39,62,"₹50,000"
B,Male,English,10-B,Final,1666,Michael,Skinner,crichards@smith-rose.org,17,100%,47,44,91,"₹40,000"
B,Female,Geography,10-B,Midterm,1667,April,Greer,joseph57@alexander.biz,16,91%,35,38,73,"₹80,000"
C+,Male,Geography,10-B,Midterm,1668,Erin,Blevins,smithtyler@yahoo.com,17,96%,43,32,75,"₹80,000"
C,Male,English,10-B,Final,1669,Elizabeth,Vazquez,jonathan23@james-jones.biz,13,85%,35,47,82,"₹20,000"
C+,Male,Science,10-B,Final,1670,Justin,Choi,amanda92@yahoo.com,14,91%,34,47,81,"₹50,000"
B,Male,Math,10-A,Midterm,1671,Rachel,Patterson,georgebrown@gmail.com,16,89%,21,50,71,"₹70,000"
A,Female,Math,10-A,Midterm,1672,Sheila,Bennett,fbryan@villarreal-rivera.com,16,96%,32,34,66,"₹60,000"
B+,Male,Science,10-C,Final,1673,Jose,Williamson,waltonkerry@bray-ingram.com,15,91%,44,31,75,"₹30,000"
B,Male,Geography,10-B,Midterm,1674,Cynthia,Phelps,hannahlloyd@hayes-ruiz.org,18,75%,39,46,85,"₹30,000"
C,Female,Math,10-B,Final,1675,Gabriel,Williamson,martindonna@yahoo.com,16,90%,22,40,62,"₹70,000"
A-,Female,Science,10-A,Midterm,1676,Janet,Blackwell,gruiz@le.com,15,81%,27,30,57,"₹20,000"
B,Male,Math,10-B,Midterm,1677,Michael,Wilson,ygonzalez@wright.com,16,96%,34,27,61,"₹20,000"
A-,Male,Science,10-A,Midterm,1678,Lauren,Russell,guzmanjoshua@haynes.info,17,92%,32,39,71,"₹80,000"
C,Female,English,10-A,Final,1679,Christopher,Anderson,zachary07@davis-cruz.com,17,100%,46,49,95,"₹40,000"
B,Female,Geography,10-B,Midterm,1680,Rhonda,Nelson,riversvictoria@lee-kaufman.com,18,79%,24,21,45,"₹20,000"
A-,Female,History,10-B,Midterm,1681,Jennifer,Petersen,qcole@raymond.com,18,77%,45,35,80,"₹20,000"
A,Female,English,10-B,Final,1682,Andres,Davis,jessicalawrence@gmail.com,13,91%,32,20,52,"₹70,000"
A,Female,English,10-A,Midterm,1683,Larry,Nelson,sanchezthomas@hotmail.com,15,91%,34,37,71,"₹80,000"
B+,Female,Geography,10-A,Midterm,1684,Joseph,Miller,dianaandrews@phillips.com,15,96%,45,45,90,"₹30,000"
A,Male,Geography,10-B,Midterm,1685,Douglas,Alexander,madison84@gmail.com,16,81%,35,32,67,"₹80,000"
A,Male,Geography,10-B,Final,1686,Carolyn,Clark,lgilmore@hotmail.com,16,88%,40,46,86,"₹20,000"
A-,Female,English,10-B,Final,1687,Daisy,Hart,parkbridget@gmail.com,16,76%,40,29,69,"₹30,000"
A-,Male,Science,10-A,Midterm,1688,Alec,Berry,amymyers@hotmail.com,13,91%,25,46,71,"₹70,000"
C+,Male,English,10-B,Final,1689,Lynn,Reyes,steven98@yahoo.com,13,87%,40,49,89,"₹50,000"
B+,Male,English,10-C,Midterm,1690,Michael,Sparks,susanromero@yahoo.com,13,85%,45,28,73,"₹20,000"
C,Female,English,10-C,Midterm,1691,Ernest,Cross,emilyhernandez@hammond.biz,15,84%,48,37,85,"₹40,000"
B,Female,Science,10-C,Final,1692,Jennifer,Weber,ashley73@fischer.com,14,76%,46,35,81,"₹40,000"
C+,Female,Math,10-A,Midterm,1693,Frank,Moore,cwilliams@rodgers-nguyen.com,16,76%,31,50,81,"₹70,000"
C+,Male,Science,10-B,Final,1694,Amanda,Jimenez,brittanynavarro@gmail.com,13,82%,46,20,66,"₹30,000"
C,Male,History,10-B,Final,1695,Yolanda,Johnson,cunninghameric@gmail.com,15,91%,34,23,57,"₹20,000"
B,Male,English,10-A,Midterm,1696,Barbara,Dillon,kenneththompson@hotmail.com,14,93%,37,26,63,"₹30,000"
C+,Male,History,10-A,Final,1697,Daniel,Floyd,josephhenry@booth-juarez.com,15,86%,41,21,62,"₹80,000"
B+,Female,Math,10-B,Final,1698,Katherine,Tran,lisa61@hicks-webb.org,16,95%,44,31,75,"₹80,000"
C+,Female,Geography,10-C,Midterm,1699,Amanda,Jackson,christine13@yahoo.com,15,80%,20,20,40,"₹50,000"
C+,Male,English,10-C,Midterm,1700,Richard,West,heatherhopkins@yahoo.com,18,78%,37,23,60,"₹30,000"
A-,Male,Math,10-B,Midterm,1701,Cheryl,Williams,kimberly26@gmail.com,17,88%,31,48,79,"₹70,000"
C+,Female,English,10-C,Final,1702,Paul,Anderson,karenoconnor@gmail.com,16,99%,48,25,73,"₹50,000"
B+,Male,Science,10-C,Midterm,1703,Samantha,Carr,phillip32@gmail.com,17,87%,44,25,69,"₹70,000"
C+,Female,Math,10-C,Midterm,1704,Jeffrey,Tanner,vswanson@le-stevens.org,13,87%,28,21,49,"₹50,000"
A-,Male,Geography,10-B,Final,1705,Sara,Weber,grahamamanda@chapman.com,17,97%,28,26,54,"₹70,000"
B+,Female,History,10-B,Final,1706,James,Williams,danielhannah@yahoo.com,13,90%,26,46,72,"₹80,000"
B+,Male,History,10-B,Final,1707,Lisa,Edwards,vincent43@yahoo.com,18,88%,21,41,62,"₹40,000"
A-,Male,English,10-A,Midterm,1708,Kelsey,Franklin,anthonyhanson@jimenez-hunt.org,16,80%,31,35,66,"₹20,000"
C,Male,History,10-C,Midterm,1709,Nancy,Brown,manuelweaver@yahoo.com,18,75%,43,24,67,"₹70,000"
C,Male,Science,10-B,Final,1710,Linda,Smith,charles99@vaughn-acevedo.com,13,75%,26,39,65,"₹30,000"
B+,Female,English,10-C,Final,1711,Scott,Cole,jameshughes@hotmail.com,18,94%,49,45,94,"₹60,000"
B,Female,Geography,10-C,Midterm,1712,Teresa,Scott,lisascott@conley.com,16,90%,33,46,79,"₹40,000"
B+,Female,History,10-B,Final,1713,Cindy,Preston,andersonjesse@skinner-haynes.com,13,89%,24,35,59,"₹80,000"
B+,Male,English,10-A,Midterm,1714,Anthony,Hernandez,emilyfreeman@mitchell-rodriguez.com,13,98%,22,29,51,"₹80,000"
C+,Female,Math,10-A,Midterm,1715,Evelyn,Guzman,timothy85@carroll-hicks.com,17,76%,28,30,58,"₹80,000"
A,Male,History,10-B,Midterm,1716,Barbara,Foster,stevenbass@fisher.com,14,78%,44,38,82,"₹80,000"
B+,Female,Math,10-B,Final,1717,Evan,Walsh,morgancody@moore-young.com,16,97%,20,41,61,"₹40,000"
B+,Male,Science,10-B,Midterm,1718,Amy,Walters,eprince@gmail.com,16,84%,20,20,40,"₹20,000"
C+,Male,History,10-A,Midterm,1719,Jacqueline,Miller,markpeterson@yahoo.com,17,95%,47,37,84,"₹20,000"
C+,Female,History,10-C,Final,1720,Donald,Nelson,urichardson@mendoza-sanders.org,16,99%,34,36,70,"₹70,000"
B+,Male,Science,10-A,Midterm,1721,Alison,Tate,edward99@gmail.com,16,76%,48,32,80,"₹60,000"
C+,Female,Geography,10-B,Final,1722,Ruth,Smith,martinkimberly@ford.org,14,76%,26,25,51,"₹70,000"
A-,Male,History,10-C,Final,1723,Martha,Mcdaniel,gonzalezbrandy@gmail.com,16,77%,42,40,82,"₹40,000"
A-,Male,Science,10-B,Final,1724,Eric,Beltran,adrian87@hawkins.com,16,79%,28,25,53,"₹30,000"
B,Male,English,10-B,Final,1725,Catherine,Murray,connie37@stevenson.com,17,93%,38,36,74,"₹80,000"
B,Female,Math,10-B,Final,1726,Wendy,Martin,kiara01@johnson.com,18,95%,45,39,84,"₹80,000"
C,Female,English,10-C,Final,1727,Catherine,Mcintyre,michelle44@russell.org,14,96%,50,20,70,"₹70,000"
A-,Female,History,10-C,Final,1728,Jeffrey,Terry,sharon50@yahoo.com,17,76%,24,31,55,"₹20,000"
A,Male,History,10-B,Midterm,1729,Claudia,Harmon,gchristian@hotmail.com,16,100%,25,20,45,"₹70,000"
C,Female,History,10-C,Midterm,1730,Kevin,Ramos,grimestaylor@romero-dickerson.org,14,83%,42,41,83,"₹40,000"
C,Male,Science,10-B,Final,1731,Olivia,Wilson,brian59@yahoo.com,15,83%,35,46,81,"₹80,000"
C,Female,Geography,10-A,Final,1732,Rebecca,Herrera,ncarr@pierce.net,13,100%,32,48,80,"₹70,000"
A,Male,Geography,10-B,Midterm,1733,Eric,Payne,jennifer75@walter.info,13,92%,38,30,68,"₹40,000"
C,Male,History,10-C,Final,1734,Ashley,Martin,phillipskevin@yahoo.com,14,76%,21,21,42,"₹60,000"
A,Male,History,10-C,Midterm,1735,Douglas,Davis,anthony38@hotmail.com,13,83%,46,31,77,"₹60,000"
A,Male,History,10-A,Midterm,1736,Suzanne,Morrison,milleranna@griffith.org,16,89%,48,39,87,"₹60,000"
B,Male,Math,10-B,Final,1737,Ellen,Sampson,sandra83@yahoo.com,14,83%,50,37,87,"₹70,000"
B+,Female,History,10-C,Midterm,1738,Sarah,Lyons,mfernandez@adams.com,15,82%,34,23,57,"₹50,000"
A-,Female,English,10-B,Midterm,1739,Kyle,Maldonado,lisa31@nicholson.org,13,98%,43,24,67,"₹30,000"
C,Male,Science,10-A,Final,1740,Kyle,Gardner,vortiz@jackson.com,13,94%,26,23,49,"₹40,000"
C+,Female,Math,10-C,Midterm,1741,Jessica,Compton,thomaskevin@gmail.com,15,96%,24,35,59,"₹20,000"
C,Male,Geography,10-A,Midterm,1742,Johnny,Weaver,shanestein@wilson-ramos.net,17,80%,41,36,77,"₹50,000"
A-,Male,History,10-A,Midterm,1743,Monica,Wood,pjenkins@hotmail.com,16,84%,45,40,85,"₹60,000"
B,Male,Math,10-B,Final,1744,Raymond,Cobb,thomasjohnson@miller.com,13,78%,45,46,91,"₹80,000"
C+,Male,Geography,10-A,Midterm,1745,Sherry,Miller,marisa27@hotmail.com,17,82%,33,49,82,"₹70,000"
B,Female,Math,10-C,Midterm,1746,Krista,Harvey,peterkeller@hotmail.com,14,77%,21,33,54,"₹80,000"
A,Male,Geography,10-A,Final,1747,David,Bauer,marcus89@smith.com,14,88%,48,25,73,"₹30,000"
C+,Male,Science,10-A,Midterm,1748,Vincent,Taylor,trevinomaria@clark.com,13,86%,43,21,64,"₹70,000"
C+,Male,History,10-A,Final,1749,Alison,James,dawnking@hotmail.com,15,95%,46,50,96,"₹20,000"
C,Female,Geography,10-A,Midterm,1750,Nicholas,Zimmerman,zwilson@white-moyer.com,15,76%,47,38,85,"₹50,000"
A-,Female,Geography,10-B,Final,1751,Richard,Ayers,rioschristina@lynn.info,17,99%,32,38,70,"₹20,000"
A-,Male,History,10-A,Final,1752,Michele,Franco,belltiffany@powell.com,18,89%,26,23,49,"₹40,000"
B,Female,English,10-A,Midterm,1753,Wesley,Meyer,obird@hotmail.com,13,89%,47,36,83,"₹70,000"
C,Female,Geography,10-C,Final,1754,Joyce,Simpson,turnercameron@diaz-chandler.com,14,98%,35,20,55,"₹80,000"
B,Male,Science,10-B,Midterm,1755,John,Diaz,nicholasaguilar@marshall.com,18,100%,26,22,48,"₹50,000"
A,Male,English,10-A,Final,1756,Frank,Hayes,susan73@hotmail.com,15,83%,23,39,62,"₹70,000"
A,Female,English,10-C,Final,1757,Misty,Wilson,irwindaniel@yahoo.com,18,99%,43,26,69,"₹40,000"
A,Female,English,10-C,Final,1758,Joanna,Smith,qbrown@clark-hardy.com,14,97%,28,44,72,"₹40,000"
B,Female,History,10-A,Final,1759,Jill,Morrow,youngthomas@norton.net,13,76%,25,23,48,"₹70,000"
C,Female,History,10-C,Midterm,1760,Bryan,Price,rshaffer@murray-elliott.net,14,76%,33,28,61,"₹20,000"
A,Male,Geography,10-C,Final,1761,Joan,Carey,jamesperez@yahoo.com,14,81%,31,21,52,"₹70,000"
B+,Female,History,10-C,Midterm,1762,Bradley,Sullivan,amanda32@harrington.com,13,77%,23,38,61,"₹30,000"
C,Male,Math,10-C,Midterm,1763,Whitney,Estrada,tayloralison@wallace-young.com,17,98%,23,45,68,"₹70,000"
A-,Male,Science,10-A,Final,1764,Michael,Keller,shieldsalicia@dixon-gonzalez.biz,16,76%,32,50,82,"₹40,000"
A-,Male,Geography,10-B,Midterm,1765,Jennifer,Gonzalez,acrawford@gmail.com,18,82%,39,30,69,"₹20,000"
B+,Male,Math,10-A,Midterm,1766,Grace,Herrera,watsonedward@kelly-russo.com,13,98%,44,47,91,"₹30,000"
B,Female,Geography,10-A,Midterm,1767,Shane,Ballard,torresmichael@mathews-banks.com,13,84%,34,50,84,"₹70,000"
A-,Female,English,10-A,Final,1768,Carlos,Moody,martinezjessica@yahoo.com,13,91%,44,32,76,"₹30,000"
B,Female,Science,10-C,Final,1769,Kevin,Daniels,larry72@spears.org,15,86%,33,20,53,"₹70,000"
C+,Female,Science,10-A,Final,1770,Colin,Morgan,ellistracy@hotmail.com,14,92%,35,28,63,"₹80,000"
A,Female,Math,10-C,Midterm,1771,Jamie,Jones,johnnelson@gmail.com,17,80%,38,20,58,"₹20,000"
B+,Female,Geography,10-B,Final,1772,Gerald,Pierce,angela49@harrison.biz,13,90%,37,47,84,"₹60,000"
C,Female,Science,10-B,Midterm,1773,Casey,Robinson,david19@hotmail.com,14,77%,35,28,63,"₹40,000"
C+,Male,Math,10-B,Final,1774,David,Holloway,pjackson@yahoo.com,13,79%,20,44,64,"₹20,000"
B,Female,Math,10-C,Midterm,1775,Zachary,Duncan,jason59@yahoo.com,18,83%,38,23,61,"₹70,000"
C+,Male,Geography,10-B,Midterm,1776,Felicia,Ford,kristinroberts@hotmail.com,15,80%,36,50,86,"₹50,000"
C+,Male,Math,10-A,Final,1777,Hector,Morris,richardjordan@gmail.com,14,75%,41,35,76,"₹30,000"
B+,Female,Geography,10-C,Midterm,1778,Ruth,Davis,michellebaker@gmail.com,18,90%,24,47,71,"₹50,000"
B+,Male,History,10-A,Midterm,1779,Valerie,Stewart,jamessalinas@gmail.com,17,80%,25,30,55,"₹60,000"
C+,Female,History,10-C,Final,1780,Caroline,Young,jacquelineellis@hotmail.com,13,94%,42,22,64,"₹50,000"
C+,Female,History,10-C,Final,1781,John,Mcdowell,waltergarcia@cox.net,14,84%,32,43,75,"₹30,000"
C+,Male,Science,10-B,Final,1782,Amber,Raymond,hobbsbill@mccarty.com,15,79%,43,28,71,"₹70,000"
B+,Male,History,10-B,Final,1783,Christina,Phillips,jamesrebecca@logan-collins.com,15,90%,41,43,84,"₹70,000"
C+,Female,Geography,10-B,Midterm,1784,Erin,Zamora,storres@gmail.com,15,95%,22,36,58,"₹20,000"
B+,Female,Science,10-C,Midterm,1785,Carlos,Davis,johnny12@yahoo.com,15,96%,49,44,93,"₹70,000"
B+,Male,History,10-C,Midterm,1786,Krystal,Porter,pkemp@arnold-berg.com,18,83%,27,32,59,"₹60,000"
A-,Female,History,10-B,Final,1787,Travis,Calderon,margaretfisher@gmail.com,13,81%,50,48,98,"₹20,000"
C+,Female,Geography,10-C,Midterm,1788,Samantha,Smith,carrierose@montoya.com,15,87%,36,33,69,"₹50,000"
A,Male,English,10-C,Final,1789,Pamela,Hill,smiththomas@yahoo.com,18,78%,50,23,73,"₹40,000"
B+,Female,Science,10-B,Midterm,1790,Tyler,Brown,daniel60@gmail.com,16,80%,27,41,68,"₹30,000"
C,Male,Science,10-C,Midterm,1791,Angela,Bowen,madeline02@mckenzie.com,13,94%,36,36,72,"₹70,000"
C,Male,History,10-B,Final,1792,John,Hernandez,dmccall@gmail.com,16,79%,20,32,52,"₹20,000"
B+,Male,Geography,10-C,Midterm,1793,Kevin,Mckinney,elynch@gmail.com,13,78%,26,27,53,"₹50,000"
C,Female,History,10-C,Midterm,1794,Jennifer,Chung,jacob31@gmail.com,14,80%,36,29,65,"₹30,000"
B,Female,Science,10-A,Final,1795,Brandon,Garcia,dyoung@howell-caldwell.com,17,91%,21,20,41,"₹50,000"
A-,Female,English,10-C,Final,1796,Courtney,Todd,heathermcdaniel@watson.com,16,90%,33,31,64,"₹50,000"
A-,Male,History,10-C,Midterm,1797,Frank,Watson,parrishbrenda@williams.com,14,89%,40,39,79,"₹20,000"
A-,Male,History,10-B,Midterm,1798,Kimberly,Gentry,butlerhector@aguilar.info,15,96%,44,30,74,"₹40,000"
A-,Female,Science,10-A,Final,1799,Deborah,Harris,karen85@gmail.com,14,100%,23,37,60,"₹20,000"
B,Male,English,10-A,Midterm,1800,Stephanie,Howard,davisjoseph@dunlap-cochran.com,15,89%,30,35,65,"₹20,000"
B+,Female,Math,10-B,Midterm,1801,Jessica,Calderon,miranda02@williams.com,13,81%,25,25,50,"₹20,000"
B+,Female,Science,10-A,Final,1802,Mike,Smith,jwalsh@hawkins.com,16,88%,44,42,86,"₹40,000"
C,Female,English,10-A,Midterm,1803,William,Martin,sdickson@henderson.com,17,77%,45,28,73,"₹20,000"
B+,Female,Science,10-A,Midterm,1804,Marisa,Ritter,jennifersmith@yahoo.com,17,79%,24,48,72,"₹30,000"
A,Male,Math,10-C,Midterm,1805,Elizabeth,Morales,jessicachambers@munoz.biz,18,95%,26,31,57,"₹30,000"
A-,Female,History,10-B,Midterm,1806,Matthew,Lawson,jonessamuel@hotmail.com,16,97%,26,35,61,"₹30,000"
A,Female,Math,10-A,Midterm,1807,Alexander,Barton,denise65@gmail.com,16,86%,46,22,68,"₹50,000"
C+,Female,Science,10-C,Midterm,1808,Roger,Powell,tsandoval@figueroa.com,13,100%,30,49,79,"₹80,000"
A-,Female,Geography,10-C,Midterm,1809,Gloria,Adams,douglas82@hotmail.com,15,77%,20,35,55,"₹60,000"
C+,Male,History,10-A,Midterm,1810,Erica,Mccormick,andersonmason@gmail.com,15,91%,45,30,75,"₹40,000"
A-,Male,Math,10-A,Final,1811,Charles,Barnes,brucebrittney@fields.com,13,89%,33,36,69,"₹40,000"
A,Female,Math,10-B,Final,1812,Linda,Shea,cooktonya@white.info,15,94%,46,48,94,"₹50,000"
A-,Female,Math,10-A,Final,1813,Joseph,Edwards,grahamwilliam@gmail.com,16,79%,24,32,56,"₹80,000"
C+,Male,History,10-A,Final,1814,Tina,Hood,jennifer23@lopez.net,15,95%,42,35,77,"₹50,000"
B+,Male,History,10-B,Final,1815,Justin,Bennett,zrusso@wade.biz,15,78%,33,43,76,"₹70,000"
B,Male,Geography,10-B,Midterm,1816,Casey,Johnson,david93@whitaker-davis.com,17,91%,35,24,59,"₹60,000"
A-,Female,Geography,10-B,Midterm,1817,Travis,Peters,shelleybrown@morrison.com,18,92%,49,24,73,"₹20,000"
B,Male,English,10-C,Midterm,1818,Deborah,Walton,gordongabriel@gmail.com,13,88%,42,36,78,"₹80,000"
B,Male,History,10-A,Midterm,1819,Isaac,Bates,jonathanbrown@haley.org,16,75%,22,41,63,"₹50,000"
B+,Female,Math,10-B,Midterm,1820,Kenneth,Ramirez,rodney38@king.org,18,99%,46,38,84,"₹80,000"
A,Female,History,10-A,Final,1821,Samantha,Scott,echapman@harris.com,17,75%,21,24,45,"₹40,000"
B+,Female,English,10-B,Midterm,1822,Kelly,Davis,ehubbard@yahoo.com,14,84%,47,46,93,"₹20,000"
C,Male,Geography,10-A,Final,1823,Richard,Lane,obrienderek@anderson.com,13,86%,40,37,77,"₹20,000"
B+,Male,Geography,10-A,Final,1824,Todd,Rice,kcruz@hotmail.com,15,100%,25,36,61,"₹40,000"
C,Female,Geography,10-C,Final,1825,Amanda,Ortiz,rodneyweeks@hotmail.com,15,78%,44,43,87,"₹70,000"
C+,Female,Science,10-B,Final,1826,Madison,Baldwin,fstanton@hotmail.com,14,94%,34,34,68,"₹20,000"
C,Female,Science,10-A,Final,1827,Derek,Ware,parkchristina@powell.com,18,98%,40,20,60,"₹60,000"
B+,Female,English,10-B,Midterm,1828,John,Brown,qvilla@armstrong.org,15,75%,48,38,86,"₹80,000"
C,Female,Science,10-A,Midterm,1829,Andrew,Waller,robert70@hotmail.com,16,100%,40,26,66,"₹60,000"
B+,Male,History,10-C,Midterm,1830,David,Wang,kelleysamantha@jones-thomas.org,13,75%,26,49,75,"₹60,000"
C,Male,English,10-A,Midterm,1831,Susan,Mccullough,mistywinters@valdez-villarreal.net,14,94%,20,46,66,"₹80,000"
B,Male,Geography,10-B,Final,1832,Robert,Fisher,jayanderson@johnson-freeman.com,18,89%,45,47,92,"₹70,000"
C,Male,Geography,10-B,Midterm,1833,Rachel,Richardson,brian90@yahoo.com,16,88%,48,40,88,"₹50,000"
C,Female,English,10-B,Final,1834,Jennifer,Lyons,linda71@gmail.com,18,93%,41,43,84,"₹80,000"
C,Female,Math,10-C,Final,1835,Pamela,Parker,snyderdennis@baldwin-hall.com,15,90%,48,50,98,"₹70,000"
B,Male,Math,10-A,Midterm,1836,Riley,Dixon,amy48@hotmail.com,15,84%,47,36,83,"₹20,000"
A-,Female,Science,10-C,Midterm,1837,Nancy,Keller,johnsonlisa@gmail.com,17,80%,39,28,67,"₹60,000"
B+,Male,Geography,10-B,Midterm,1838,Shannon,Patterson,hillnancy@yahoo.com,13,99%,31,39,70,"₹50,000"
C+,Male,Geography,10-B,Final,1839,Alexandra,Dennis,jessicacrosby@yahoo.com,16,99%,24,47,71,"₹80,000"
C+,Male,History,10-C,Final,1840,Ryan,Brown,seanlittle@ward-rojas.com,13,78%,41,33,74,"₹30,000"
A,Male,English,10-C,Final,1841,Kevin,Baker,williamjordan@carter.com,18,87%,37,27,64,"₹30,000"
A,Male,English,10-B,Midterm,1842,Devon,Nunez,cynthiamiller@yahoo.com,15,95%,26,43,69,"₹70,000"
C+,Male,Science,10-B,Final,1843,Kari,Levine,jakejones@garcia.com,17,91%,22,25,47,"₹20,000"
B,Female,History,10-C,Final,1844,Anthony,Wagner,dwilliams@thompson.info,17,77%,23,38,61,"₹60,000"
B,Female,History,10-B,Final,1845,Megan,Green,doylejessica@simmons.org,16,78%,33,22,55,"₹70,000"
A,Female,Science,10-B,Final,1846,Tiffany,Gonzales,qmiller@torres.com,13,86%,40,37,77,"₹40,000"
C+,Female,English,10-A,Midterm,1847,Deanna,Washington,jonesmolly@walters-hicks.com,18,91%,46,37,83,"₹50,000"
B+,Male,English,10-A,Final,1848,Thomas,Cunningham,kevin11@hotmail.com,13,98%,34,34,68,"₹70,000"
A-,Female,English,10-C,Midterm,1849,Karen,Maldonado,estanley@yahoo.com,14,75%,43,46,89,"₹70,000"
C+,Male,Math,10-C,Midterm,1850,Melissa,Woodard,tjarvis@golden.org,13,95%,26,36,62,"₹60,000"
A,Female,English,10-B,Midterm,1851,Jodi,Garcia,marissa04@hotmail.com,16,86%,25,22,47,"₹80,000"
C,Female,Math,10-A,Final,1852,Joseph,Huang,trevormiller@hotmail.com,13,76%,33,48,81,"₹50,000"
B+,Female,History,10-B,Midterm,1853,Amanda,Anderson,jwilson@yahoo.com,16,93%,20,36,56,"₹80,000"
C+,Male,History,10-A,Midterm,1854,Morgan,Santos,yhiggins@hotmail.com,17,95%,26,50,76,"₹20,000"
B,Female,English,10-B,Midterm,1855,Patricia,Jones,sarah23@mclean.info,16,79%,26,22,48,"₹40,000"
A,Female,English,10-C,Midterm,1856,James,Ho,sarahbarnett@anderson.com,16,76%,46,35,81,"₹50,000"
C+,Female,History,10-C,Final,1857,David,Wilcox,kfisher@mclaughlin.info,18,94%,41,37,78,"₹50,000"
C+,Male,English,10-C,Final,1858,Kelly,Larson,tshepard@white-pearson.com,16,96%,25,36,61,"₹70,000"
B,Female,History,10-B,Final,1859,Justin,Flynn,anna56@yahoo.com,14,90%,33,28,61,"₹50,000"
C,Female,English,10-C,Final,1860,Justin,Perez,petersonshannon@williams-mooney.com,13,92%,30,24,54,"₹30,000"
C,Male,Math,10-B,Final,1861,Erin,Gutierrez,ferrellhannah@hotmail.com,14,89%,40,32,72,"₹80,000"
B,Female,Science,10-A,Final,1862,Mary,Carter,erichards@yahoo.com,15,96%,45,21,66,"₹30,000"
B+,Male,Math,10-B,Midterm,1863,Brian,Henderson,hannahkeith@gmail.com,16,92%,21,35,56,"₹80,000"
B,Female,English,10-A,Final,1864,Matthew,Romero,ecallahan@gmail.com,18,97%,34,40,74,"₹70,000"
B,Male,English,10-C,Final,1865,Chad,Whitaker,ztaylor@cox-cobb.biz,13,89%,39,40,79,"₹80,000"
B+,Female,History,10-A,Final,1866,Luke,Gonzalez,gfrye@gmail.com,13,77%,20,32,52,"₹60,000"
A-,Male,Geography,10-A,Midterm,1867,Connie,Ramos,alexandra63@gmail.com,14,95%,39,22,61,"₹60,000"
B,Male,Math,10-C,Final,1868,William,Rivera,dawn93@levy.com,18,83%,29,46,75,"₹50,000"
B,Male,Math,10-B,Midterm,1869,Alexander,Williams,morrisonbailey@arnold.info,18,85%,35,25,60,"₹30,000"
A,Female,Geography,10-B,Final,1870,Sherri,Hardin,jonesdiane@phillips-villa.com,15,90%,22,24,46,"₹20,000"
A-,Male,Math,10-A,Final,1871,Christopher,Davis,emma51@yahoo.com,18,100%,37,23,60,"₹70,000"
A,Male,Math,10-A,Final,1872,Teresa,Farmer,marcia01@bonilla.com,14,91%,40,39,79,"₹30,000"
B+,Female,History,10-A,Midterm,1873,Colin,Gardner,jsparks@gmail.com,18,79%,31,42,73,"₹30,000"
A,Female,Geography,10-C,Final,1874,Timothy,Jones,bacosta@roberts-robinson.com,17,93%,28,23,51,"₹30,000"
B,Male,Geography,10-C,Final,1875,Elizabeth,Fry,obenson@mcdowell.com,18,75%,31,23,54,"₹20,000"
B,Male,Geography,10-C,Midterm,1876,Shawn,Powers,leesimpson@gmail.com,16,82%,32,35,67,"₹30,000"
B+,Male,History,10-C,Midterm,1877,Dustin,Torres,danny76@hotmail.com,14,99%,43,44,87,"₹70,000"
A,Male,Math,10-A,Midterm,1878,Katherine,Nichols,cory38@cruz.com,16,90%,50,22,72,"₹30,000"
A-,Female,Science,10-B,Midterm,1879,James,Flynn,emilyrodriguez@mcintyre.com,16,77%,30,34,64,"₹80,000"
B+,Female,Geography,10-B,Midterm,1880,Gabriel,Sanchez,gowens@hotmail.com,13,84%,31,49,80,"₹80,000"
C,Male,Geography,10-C,Midterm,1881,Michael,Garrett,lharrison@gmail.com,17,87%,34,39,73,"₹50,000"
C+,Male,History,10-B,Midterm,1882,Jessica,Bernard,mvazquez@hotmail.com,15,89%,37,22,59,"₹20,000"
C+,Male,English,10-C,Midterm,1883,Anthony,Williams,xpeters@hotmail.com,18,77%,44,23,67,"₹50,000"
C,Female,Geography,10-B,Midterm,1884,Matthew,Dixon,ethan23@bradley.org,13,78%,44,36,80,"₹80,000"
B+,Male,Geography,10-B,Final,1885,Richard,Rasmussen,qspence@stark-williams.info,17,83%,33,41,74,"₹70,000"
A,Male,English,10-B,Final,1886,Steven,Mullins,wilsonronald@hotmail.com,14,83%,29,23,52,"₹70,000"
B,Male,Math,10-C,Final,1887,Amber,Meyer,francoariel@gmail.com,16,86%,33,31,64,"₹60,000"
A,Male,Science,10-B,Midterm,1888,Teresa,Henry,lbrown@gmail.com,18,78%,30,27,57,"₹60,000"
B+,Female,Math,10-A,Midterm,1889,Dennis,Montes,dennis06@adams.com,15,98%,25,43,68,"₹40,000"
B,Female,History,10-A,Final,1890,Patrick,Gonzales,georgefreeman@craig.com,14,97%,43,34,77,"₹20,000"
A,Female,English,10-A,Final,1891,Ana,Beasley,brandonallen@kane-walker.biz,18,87%,23,39,62,"₹80,000"
C,Female,English,10-B,Midterm,1892,Tyler,Cuevas,smithdiamond@hotmail.com,18,76%,21,22,43,"₹30,000"
A-,Male,Science,10-C,Final,1893,Abigail,Wise,samantha38@gmail.com,14,80%,21,47,68,"₹30,000"
B+,Female,Science,10-A,Final,1894,John,Butler,kimberly48@hotmail.com,13,96%,34,37,71,"₹80,000"
B,Male,History,10-B,Midterm,1895,David,Webb,lindahunter@hotmail.com,16,86%,50,43,93,"₹40,000"
A-,Female,Geography,10-A,Midterm,1896,Tammy,Strong,timothy60@yahoo.com,18,77%,37,34,71,"₹40,000"
B+,Male,Science,10-B,Final,1897,Andrea,Bruce,welchchristine@yahoo.com,17,94%,26,37,63,"₹40,000"
C,Female,Math,10-C,Final,1898,Jeremy,Skinner,romeroemily@hotmail.com,13,83%,32,26,58,"₹80,000"
C,Male,Math,10-B,Midterm,1899,Joseph,Matthews,asoto@hotmail.com,17,78%,44,28,72,"₹20,000"
B,Female,Math,10-A,Final,1900,Joe,Henderson,vincenthall@keller.info,13,85%,46,42,88,"₹60,000"
B+,Female,Science,10-C,Final,1901,Emily,Hunt,gamblejeffrey@dawson-cooley.com,16,76%,45,23,68,"₹20,000"
B+,Male,History,10-A,Midterm,1902,Danielle,Peterson,matthew17@hotmail.com,16,88%,40,33,73,"₹70,000"
A,Female,History,10-C,Final,1903,Lisa,Sanchez,juliasmith@chapman.com,16,75%,43,42,85,"₹60,000"
A,Female,Geography,10-B,Final,1904,Sara,Mclaughlin,dschwartz@smith.com,13,88%,23,29,52,"₹60,000"
B,Male,History,10-B,Midterm,1905,Heather,Adkins,kimberly17@richardson-johnson.net,14,86%,37,40,77,"₹30,000"
C+,Female,Math,10-A,Midterm,1906,Jeremiah,Davidson,meverett@hotmail.com,16,90%,37,39,76,"₹40,000"
B+,Female,History,10-B,Midterm,1907,Jennifer,Thompson,zachary99@hudson-huerta.org,16,75%,31,39,70,"₹60,000"
B+,Female,Science,10-B,Final,1908,Donald,Gay,wdavis@mccullough.org,15,83%,42,48,90,"₹50,000"
C,Male,History,10-B,Final,1909,Ronald,Randolph,stevensmith@jordan-boyer.com,17,98%,31,35,66,"₹30,000"
C+,Male,Math,10-B,Final,1910,Kelly,Perry,nclark@cline-johnson.com,15,77%,48,29,77,"₹50,000"
B+,Male,Science,10-A,Final,1911,Allison,Terry,zobrien@austin-jones.com,17,98%,39,22,61,"₹80,000"
B+,Female,Geography,10-B,Midterm,1912,John,Moore,luis16@gmail.com,18,81%,27,43,70,"₹60,000"
A,Male,English,10-B,Midterm,1913,Paul,Huber,lewisjustin@phillips.org,15,76%,35,38,73,"₹40,000"
A,Female,Geography,10-B,Final,1914,Gloria,Skinner,shawn73@rasmussen.com,14,77%,28,23,51,"₹50,000"
B,Male,Geography,10-A,Final,1915,Elizabeth,Vasquez,vromero@gmail.com,14,79%,50,42,92,"₹80,000"
A,Male,History,10-A,Midterm,1916,Christine,Hernandez,george53@bell.net,17,96%,46,31,77,"₹70,000"
A,Male,Science,10-B,Midterm,1917,Walter,Rogers,garciamary@barber.com,13,96%,38,47,85,"₹20,000"
C+,Male,Math,10-A,Final,1918,Lisa,Howard,nhicks@yahoo.com,14,93%,46,36,82,"₹60,000"
C,Female,History,10-C,Midterm,1919,Toni,Stanton,pkelley@hotmail.com,17,95%,29,29,58,"₹30,000"
B,Male,History,10-B,Midterm,1920,Robert,Barnett,robertfitzgerald@martinez-clark.com,15,99%,42,26,68,"₹50,000"
A,Male,English,10-C,Final,1921,Natasha,Sims,nrodriguez@gmail.com,14,85%,41,28,69,"₹30,000"
C+,Male,English,10-C,Final,1922,Charles,Garcia,yvonnegardner@gmail.com,16,82%,22,43,65,"₹80,000"
C,Male,Math,10-C,Final,1923,Andrew,Keller,umiddleton@hotmail.com,17,78%,41,20,61,"₹40,000"
B+,Male,Math,10-C,Midterm,1924,Leslie,Gonzales,chamberseric@gmail.com,17,88%,24,36,60,"₹40,000"
B+,Male,Geography,10-C,Final,1925,Tina,Brown,kevinhawkins@lopez.com,17,100%,24,36,60,"₹40,000"
B+,Male,Math,10-A,Final,1926,Ronald,Randall,rwagner@greene.org,18,92%,29,39,68,"₹20,000"
A,Female,Geography,10-C,Midterm,1927,Laura,Davis,robynburke@barber.biz,16,93%,29,44,73,"₹60,000"
B+,Male,History,10-C,Final,1928,Kelly,Stokes,johnsonmegan@yahoo.com,15,80%,39,22,61,"₹30,000"
C,Female,History,10-B,Midterm,1929,Paula,Carter,cindy61@henry.com,18,93%,43,33,76,"₹50,000"
A-,Male,Science,10-C,Midterm,1930,Shannon,Beard,xperkins@sanchez-fox.com,16,96%,35,34,69,"₹50,000"
C+,Female,History,10-B,Final,1931,Valerie,Carlson,qjenkins@young-harvey.com,15,81%,21,43,64,"₹70,000"
A-,Female,Science,10-C,Final,1932,Angelica,Patterson,matthewbryant@jones-anderson.com,18,78%,38,44,82,"₹20,000"
B+,Male,English,10-C,Midterm,1933,Phillip,Davis,julie19@turner.com,14,84%,48,38,86,"₹30,000"
C,Female,Geography,10-B,Midterm,1934,Jennifer,Ward,angelicarangel@james-rodriguez.com,13,86%,46,50,96,"₹60,000"
C,Male,History,10-B,Final,1935,Amanda,Smith,aaron89@rice.com,16,79%,33,20,53,"₹80,000"
B+,Female,Geography,10-A,Midterm,1936,Andrea,King,wardnoah@yahoo.com,16,97%,28,20,48,"₹60,000"
C+,Male,History,10-B,Final,1937,Beth,Booker,jamessmith@yahoo.com,15,87%,36,37,73,"₹40,000"
B,Female,Math,10-A,Midterm,1938,Crystal,Long,danielle80@barrera-patrick.biz,18,99%,34,24,58,"₹80,000"
C+,Female,History,10-A,Midterm,1939,Hannah,Wilson,qdavis@gmail.com,17,99%,48,37,85,"₹30,000"
B+,Male,English,10-A,Midterm,1940,Chelsea,Spencer,clarkwilliam@weber.com,15,82%,35,31,66,"₹40,000"
C,Female,Science,10-B,Midterm,1941,James,Smith,armstrongkathleen@hotmail.com,14,97%,35,44,79,"₹20,000"
B,Male,Math,10-B,Final,1942,Warren,Dennis,bradleydiana@yahoo.com,13,98%,36,43,79,"₹60,000"
A-,Female,History,10-B,Final,1943,Jamie,Osborne,crosstodd@gmail.com,14,77%,41,31,72,"₹70,000"
A,Male,Math,10-C,Final,1944,Scott,Mendoza,elizabethedwards@gmail.com,17,92%,26,44,70,"₹80,000"
C+,Male,History,10-A,Final,1945,Lisa,Wells,gregorygarcia@hotmail.com,15,100%,44,41,85,"₹70,000"
A,Male,History,10-C,Midterm,1946,Tony,Romero,john38@gmail.com,13,83%,36,41,77,"₹60,000"
C+,Male,Science,10-C,Midterm,1947,Darryl,White,iwatts@henderson.biz,15,83%,30,26,56,"₹70,000"
B,Female,Geography,10-A,Final,1948,Patrick,Weaver,gzimmerman@yahoo.com,15,94%,44,29,73,"₹60,000"
A,Male,Geography,10-B,Final,1949,Michael,Smith,dmack@webb-moody.biz,17,90%,43,33,76,"₹30,000"
B,Male,Math,10-B,Final,1950,Laurie,Jimenez,waltercardenas@moore.net,15,97%,39,21,60,"₹60,000"
A,Male,Science,10-C,Final,1951,Kelly,Calhoun,gwilliams@hotmail.com,13,99%,30,29,59,"₹60,000"
C,Male,History,10-C,Final,1952,Russell,Henry,justin27@hotmail.com,16,88%,31,27,58,"₹20,000"
C+,Male,History,10-C,Midterm,1953,Monique,Cruz,pricechristina@james.com,15,79%,42,35,77,"₹60,000"
C+,Female,English,10-C,Midterm,1954,Marie,Perez,silvaashley@moore.com,16,100%,32,37,69,"₹40,000"
B,Female,Geography,10-A,Midterm,1955,Joshua,Mclaughlin,banksjessica@fuller-hoffman.com,13,99%,32,32,64,"₹30,000"
C+,Male,Geography,10-C,Final,1956,Julie,Walsh,laurenlindsey@warren.biz,15,99%,46,28,74,"₹30,000"
B+,Male,English,10-C,Final,1957,Heather,Cox,nathangriffith@gmail.com,16,97%,41,36,77,"₹60,000"
B,Female,History,10-C,Midterm,1958,Carlos,Williams,rhowell@hotmail.com,18,85%,49,36,85,"₹20,000"
B,Male,Geography,10-C,Final,1959,Kimberly,Johnson,anthony27@pineda-ritter.biz,15,85%,44,42,86,"₹60,000"
A-,Male,Geography,10-B,Midterm,1960,Martin,Jones,bdalton@rodriguez.com,16,78%,33,26,59,"₹50,000"
A,Female,English,10-B,Final,1961,Olivia,Boyd,caitlinstewart@yahoo.com,13,99%,35,37,72,"₹20,000"
B+,Female,Math,10-C,Final,1962,Alexander,Patterson,istrickland@harris-ward.com,15,88%,22,21,43,"₹50,000"
C+,Male,Geography,10-B,Final,1963,Anthony,Turner,carol61@gmail.com,18,87%,24,34,58,"₹50,000"
B+,Female,Math,10-A,Final,1964,Jennifer,Stephens,foleycarlos@watkins.com,16,98%,37,37,74,"₹30,000"
C+,Male,Geography,10-C,Midterm,1965,Katherine,Martin,sabrinavaldez@clark.biz,13,95%,38,49,87,"₹40,000"
B+,Male,History,10-A,Final,1966,Lauren,Jimenez,toddavila@kim-anderson.com,17,94%,32,46,78,"₹40,000"
B+,Male,Science,10-A,Midterm,1967,John,White,cmejia@yahoo.com,18,85%,30,20,50,"₹80,000"
B,Male,Geography,10-B,Final,1968,Rachel,Henderson,john55@gmail.com,14,88%,28,43,71,"₹70,000"
B+,Female,English,10-C,Midterm,1969,William,Perez,fishertimothy@lewis-davis.org,16,91%,22,43,65,"₹50,000"
C+,Female,Geography,10-C,Midterm,1970,Joseph,Roman,barnettmark@warren-lee.com,17,76%,29,22,51,"₹80,000"
B+,Female,Science,10-A,Final,1971,Karen,Mitchell,garciajennifer@gmail.com,13,96%,41,26,67,"₹60,000"
B,Male,Math,10-B,Midterm,1972,John,Howell,michellesmith@gmail.com,16,75%,50,26,76,"₹50,000"
B+,Female,Geography,10-B,Final,1973,Michael,Hawkins,watsonwilliam@yahoo.com,13,84%,31,27,58,"₹20,000"
B,Female,English,10-A,Final,1974,Brandi,Davidson,nathanhart@cook.biz,16,78%,41,23,64,"₹50,000"
B,Female,English,10-B,Final,1975,Maria,Torres,vlopez@yahoo.com,13,97%,46,50,96,"₹30,000"
A,Male,Math,10-C,Final,1976,Brian,Huynh,uwyatt@hotmail.com,13,82%,46,24,70,"₹50,000"
C+,Female,Geography,10-B,Final,1977,Paul,Wade,william18@yahoo.com,14,92%,22,21,43,"₹80,000"
A-,Male,Science,10-C,Midterm,1978,Angela,Hernandez,smithsarah@martinez-griffith.com,17,98%,22,20,42,"₹50,000"
A,Male,English,10-A,Midterm,1979,Catherine,Valdez,powellryan@gmail.com,18,92%,46,36,82,"₹40,000"
B,Female,English,10-A,Midterm,1980,Amy,Chapman,gregory91@ellis-thomas.com,13,77%,45,32,77,"₹20,000"
C+,Male,Science,10-A,Final,1981,Marcus,Guzman,mark24@hotmail.com,17,95%,47,24,71,"₹50,000"
C,Male,English,10-A,Midterm,1982,Joshua,Rodriguez,melindakelley@mitchell.com,17,94%,48,21,69,"₹20,000"
B+,Female,English,10-B,Midterm,1983,Ryan,Flores,elizabeth51@yahoo.com,18,92%,23,49,72,"₹30,000"
B+,Female,History,10-B,Final,1984,Alice,Logan,peter19@yahoo.com,15,98%,22,50,72,"₹50,000"
B,Male,English,10-C,Midterm,1985,Darlene,Lloyd,rossandrew@hotmail.com,15,76%,41,45,86,"₹50,000"
C+,Female,History,10-B,Midterm,1986,Kathleen,Schneider,nicole58@miles.com,16,81%,26,43,69,"₹20,000"
B,Female,History,10-C,Final,1987,Sandra,Gibson,kellyreynolds@hotmail.com,18,96%,50,24,74,"₹40,000"
C+,Female,Math,10-A,Final,1988,Carol,Cox,zmeyer@wheeler.com,17,78%,28,39,67,"₹60,000"
A,Male,Science,10-B,Midterm,1989,Jeremy,Hoover,jennifer32@yahoo.com,13,90%,38,48,86,"₹40,000"
B,Male,Science,10-B,Final,1990,Kayla,Williams,johnsonamy@schmidt-davies.com,18,79%,41,28,69,"₹40,000"
A,Female,English,10-C,Midterm,1991,Shelly,Fritz,sarah36@rodriguez.net,14,99%,41,23,64,"₹30,000"
B+,Male,Science,10-C,Final,1992,Amy,Parker,nicolehill@hotmail.com,18,100%,38,24,62,"₹50,000"
B,Female,History,10-A,Final,1993,Angela,Mccormick,hatfieldvictoria@murphy-hall.info,14,89%,31,38,69,"₹50,000"
A-,Female,History,10-B,Final,1994,Steven,Walker,umason@yahoo.com,17,75%,29,43,72,"₹30,000"
C+,Female,English,10-A,Final,1995,Derrick,Riley,christinevasquez@baker.com,15,91%,31,40,71,"₹50,000"
C,Female,History,10-C,Final,1996,Michael,Webster,rmclaughlin@lee.net,13,98%,38,33,71,"₹50,000"
B+,Male,History,10-A,Midterm,1997,Zoe,Barrera,amiranda@yahoo.com,18,86%,44,27,71,"₹30,000"
B+,Male,Geography,10-A,Final,1998,Alexander,Berg,eward@rodriguez.com,18,77%,49,46,95,"₹60,000"
A-,Male,English,10-B,Final,1999,Veronica,Hammond,npowell@hotmail.com,18,100%,44,47,91,"₹70,000"
A-,Male,Geography,10-C,Midterm,2000,Kristin,Russell,allisonangela@hotmail.com,15,77%,30,24,54,"₹30,000"
